{
	"credit": "Mady by Ecorn",
	"parent": "minecraft:block/fence_side",
	"textures": {
		"texture": "block/acacia_planks"
	},
	"elements": [
		{
			"from": [7, 2, 0],
			"to": [9, 4, 6],
			"faces": {
				"north": {"uv": [10, 2, 12, 4], "texture": "#texture"},
				"east": {"uv": [10, 2, 16, 4], "texture": "#texture"},
				"south": {"uv": [10, 2, 12, 4], "texture": "#texture"},
				"west": {"uv": [10, 2, 16, 4], "texture": "#texture"},
				"up": {"uv": [10, 2, 12, 8], "texture": "#texture"},
				"down": {"uv": [10, 2, 12, 8], "texture": "#texture"}
			}
		},
		{
			"from": [7, 7, 0],
			"to": [9, 9, 6],
			"faces": {
				"north": {"uv": [5, 2, 7, 4], "texture": "#texture"},
				"east": {"uv": [5, 2, 11, 4], "texture": "#texture"},
				"south": {"uv": [5, 2, 7, 4], "texture": "#texture"},
				"west": {"uv": [5, 2, 11, 4], "texture": "#texture"},
				"up": {"uv": [5, 2, 7, 8], "texture": "#texture"},
				"down": {"uv": [5, 2, 7, 8], "texture": "#texture"}
			}
		},
		{
			"from": [7, 12, 0],
			"to": [9, 14, 6],
			"faces": {
				"north": {"uv": [0, 6, 2, 8], "texture": "#texture"},
				"east": {"uv": [0, 6, 6, 8], "texture": "#texture"},
				"south": {"uv": [0, 6, 2, 8], "texture": "#texture"},
				"west": {"uv": [0, 6, 6, 8], "texture": "#texture"},
				"up": {"uv": [0, 6, 2, 12], "texture": "#texture"},
				"down": {"uv": [0, 6, 2, 12], "texture": "#texture"}
			}
		}
	]
}
