{
	"credit": "Mady by Ecorn",
	"parent": "minecraft:block/fence_post",
	"textures": {
		"2": "block/bamboo_planks_post",
		"3": "block/bamboo_block",
		"particle": "block/bamboo_planks_post"
	},
	"elements": [
		{
			"from": [6, 12, -1],
			"to": [10, 16, 3],
			"faces": {
				"north": {"uv": [0, 0, 4, 4], "texture": "#2"},
				"east": {"uv": [0, 0, 4, 4], "texture": "#2"},
				"west": {"uv": [0, 0, 4, 4], "texture": "#2"},
				"up": {"uv": [11, 3, 15, 7], "texture": "#2"},
				"down": {"uv": [0, 0, 4, 4], "texture": "#2"}
			}
		},
		{
			"from": [6.5, 0, -0.5],
			"to": [9.5, 12, 2.5],
			"faces": {
				"north": {"uv": [0, 0, 3, 12], "texture": "#3"},
				"east": {"uv": [0, 0, 3, 12], "texture": "#3"},
				"south": {"uv": [0, 0, 3, 12], "texture": "#3"},
				"west": {"uv": [0, 0, 3, 12], "texture": "#3"},
				"down": {"uv": [0, 0, 3, 3], "texture": "#3"}
			}
		},
		{
			"from": [6, 12, 13],
			"to": [10, 16, 17],
			"faces": {
				"east": {"uv": [0, 0, 4, 4], "texture": "#2"},
				"south": {"uv": [0, 0, 4, 4], "texture": "#2"},
				"west": {"uv": [0, 0, 4, 4], "texture": "#2"},
				"up": {"uv": [11, 3, 15, 7], "texture": "#2"},
				"down": {"uv": [0, 0, 4, 4], "texture": "#2"}
			}
		},
		{
			"from": [6.5, 0, 13.5],
			"to": [9.5, 12, 16.5],
			"faces": {
				"north": {"uv": [0, 0, 3, 12], "texture": "#3"},
				"east": {"uv": [0, 0, 3, 12], "texture": "#3"},
				"south": {"uv": [0, 0, 3, 12], "texture": "#3"},
				"west": {"uv": [0, 0, 3, 12], "texture": "#3"},
				"down": {"uv": [0, 0, 3, 3], "texture": "#3"}
			}
		},
		{
			"from": [7.5, 6, 2],
			"to": [8.5, 7, 8.5],
			"rotation": {"angle": 0, "axis": "y", "origin": [8, 0, 8]},
			"faces": {
				"east": {"uv": [3, 12, 9.5, 13], "texture": "#2"},
				"west": {"uv": [3, 12, 9.5, 13], "texture": "#2"},
				"up": {"uv": [3, 12, 9.5, 13], "rotation": 270, "texture": "#2"},
				"down": {"uv": [3, 12, 9.5, 13], "rotation": 90, "texture": "#2"}
			}
		},
		{
			"from": [7.5, 8, 2],
			"to": [8.5, 9, 8.5],
			"rotation": {"angle": 0, "axis": "y", "origin": [8, 0, 8]},
			"faces": {
				"east": {"uv": [3, 12, 9.5, 13], "texture": "#2"},
				"west": {"uv": [3, 12, 9.5, 13], "texture": "#2"},
				"up": {"uv": [3, 12, 9.5, 13], "rotation": 270, "texture": "#2"},
				"down": {"uv": [3, 12, 9.5, 13], "rotation": 90, "texture": "#2"}
			}
		},
		{
			"from": [7.5, 10, 2],
			"to": [8.5, 11, 8.5],
			"rotation": {"angle": 0, "axis": "y", "origin": [8, 0, 8]},
			"faces": {
				"east": {"uv": [3, 12, 9.5, 13], "texture": "#2"},
				"west": {"uv": [3, 12, 9.5, 13], "texture": "#2"},
				"up": {"uv": [3, 12, 9.5, 13], "rotation": 270, "texture": "#2"},
				"down": {"uv": [3, 12, 9.5, 13], "rotation": 90, "texture": "#2"}
			}
		},
		{
			"from": [7.5, 6, 8.5],
			"to": [8.5, 7, 15],
			"rotation": {"angle": 0, "axis": "y", "origin": [8, 0, 8]},
			"faces": {
				"east": {"uv": [3, 12, 9.5, 13], "texture": "#2"},
				"west": {"uv": [3, 12, 9.5, 13], "texture": "#2"},
				"up": {"uv": [3, 12, 9.5, 13], "rotation": 270, "texture": "#2"},
				"down": {"uv": [3, 12, 9.5, 13], "rotation": 90, "texture": "#2"}
			}
		},
		{
			"from": [7.5, 8, 8.5],
			"to": [8.5, 9, 15],
			"rotation": {"angle": 0, "axis": "y", "origin": [8, 0, 8]},
			"faces": {
				"east": {"uv": [3, 12, 9.5, 13], "texture": "#2"},
				"west": {"uv": [3, 12, 9.5, 13], "texture": "#2"},
				"up": {"uv": [3, 12, 9.5, 13], "rotation": 270, "texture": "#2"},
				"down": {"uv": [3, 12, 9.5, 13], "rotation": 90, "texture": "#2"}
			}
		},
		{
			"from": [7.5, 10, 8.5],
			"to": [8.5, 11, 15],
			"rotation": {"angle": 0, "axis": "y", "origin": [8, 0, 8]},
			"faces": {
				"east": {"uv": [3, 12, 9.5, 13], "texture": "#2"},
				"west": {"uv": [3, 12, 9.5, 13], "texture": "#2"},
				"up": {"uv": [3, 12, 9.5, 13], "rotation": 270, "texture": "#2"},
				"down": {"uv": [3, 12, 9.5, 13], "rotation": 90, "texture": "#2"}
			}
		},
		{
			"from": [6, 12, 3],
			"to": [10, 16, 13],
			"rotation": {"angle": 0, "axis": "y", "origin": [8, 0, 8]},
			"faces": {
				"east": {"uv": [3, 4, 13, 8], "texture": "#2"},
				"west": {"uv": [3, 4, 13, 8], "texture": "#2"},
				"up": {"uv": [13, 8, 3, 4], "rotation": 90, "texture": "#2"},
				"down": {"uv": [13, 8, 3, 4], "rotation": 90, "texture": "#2"}
			}
		}
	],
	"display": {
		"thirdperson_righthand": {
			"rotation": [75, 30, 0],
			"translation": [0, 0.75, 0],
			"scale": [0.375, 0.375, 0.375]
		},
		"thirdperson_lefthand": {
			"rotation": [75, 30, 0],
			"translation": [0, 0.75, 0],
			"scale": [0.375, 0.375, 0.375]
		},
		"firstperson_righthand": {
			"rotation": [0, 35, 0],
			"scale": [0.5, 0.5, 0.5]
		},
		"firstperson_lefthand": {
			"rotation": [0, 35, 0],
			"scale": [0.5, 0.5, 0.5]
		},
		"ground": {
			"translation": [0, 3, 0],
			"scale": [0.5, 0.5, 0.5]
		},
		"gui": {
			"rotation": [30, 135, 0],
			"scale": [0.62, 0.62, 0.62]
		},
		"fixed": {
			"scale": [0.7, 0.7, 0.7]
		}
	}
}