{
	"credit": "Mady by Ecorn",
	"parent": "minecraft:block/fence_side",
	"textures": {
		"7": "block/bamboo_planks"
	},
	"elements": [
		{
			"from": [10, 12, 6],
			"to": [16, 16, 10],
			"rotation": {"angle": 0, "axis": "y", "origin": [8, 0, 8]},
			"faces": {
				"north": {"uv": [7, 4, 13, 8], "texture": "#7"},
				"east": {"uv": [7, 4, 11, 8], "texture": "#7"},
				"south": {"uv": [7, 4, 13, 8], "texture": "#7"},
				"west": {"uv": [7, 4, 11, 8], "texture": "#7"},
				"up": {"uv": [12, 8, 6, 4], "rotation": 180, "texture": "#7"},
				"down": {"uv": [12, 8, 6, 4], "texture": "#7"}
			}
		},
		{
			"from": [9.5, 10, 7.5],
			"to": [16, 11, 8.5],
			"rotation": {"angle": 0, "axis": "y", "origin": [8, 0, 8]},
			"faces": {
				"north": {"uv": [3, 12, 9.5, 13], "texture": "#7"},
				"east": {"uv": [3, 12, 4, 13], "texture": "#7"},
				"south": {"uv": [3, 12, 9.5, 13], "texture": "#7"},
				"west": {"uv": [3, 12, 4, 13], "texture": "#7"},
				"up": {"uv": [3, 12, 9.5, 13], "texture": "#7"},
				"down": {"uv": [3, 12, 9.5, 13], "texture": "#7"}
			}
		},
		{
			"from": [9.5, 8, 7.5],
			"to": [16, 9, 8.5],
			"rotation": {"angle": 0, "axis": "y", "origin": [8, 0, 8]},
			"faces": {
				"north": {"uv": [3, 12, 9.5, 13], "texture": "#7"},
				"east": {"uv": [3, 12, 4, 13], "texture": "#7"},
				"south": {"uv": [3, 12, 9.5, 13], "texture": "#7"},
				"west": {"uv": [3, 12, 4, 13], "texture": "#7"},
				"up": {"uv": [3, 12, 9.5, 13], "texture": "#7"},
				"down": {"uv": [3, 12, 9.5, 13], "texture": "#7"}
			}
		},
		{
			"from": [9.5, 6, 7.5],
			"to": [16, 7, 8.5],
			"rotation": {"angle": 0, "axis": "y", "origin": [8, 0, 8]},
			"faces": {
				"north": {"uv": [3, 12, 9.5, 13], "texture": "#7"},
				"east": {"uv": [3, 12, 4, 13], "texture": "#7"},
				"south": {"uv": [3, 12, 9.5, 13], "texture": "#7"},
				"west": {"uv": [3, 12, 4, 13], "texture": "#7"},
				"up": {"uv": [3, 12, 9.5, 13], "texture": "#7"},
				"down": {"uv": [3, 12, 9.5, 13], "texture": "#7"}
			}
		}
	]
}
