{
	"credit": "Made by Ecorn",
	"parent": "block/block",
	"textures": {
		"2": "block/bamboo_planks_post",
		"3": "block/bamboo_block",
		"particle": "block/bamboo_planks_post"
	},
	"elements": [
		{
			"from": [14, 4, 7.25],
			"to": [15, 5, 13.75],
			"rotation": {"angle": 0, "axis": "y", "origin": [16, 10, 8]},
			"faces": {
				"east": {"uv": [3, 12, 9.5, 13], "texture": "#2"},
				"west": {"uv": [3, 12, 9.5, 13], "texture": "#2"},
				"up": {"uv": [3, 12, 9.5, 13], "rotation": 270, "texture": "#2"},
				"down": {"uv": [3, 12, 9.5, 13], "rotation": 90, "texture": "#2"}
			}
		},
		{
			"from": [14, 6, 7.25],
			"to": [15, 7, 13.75],
			"rotation": {"angle": 0, "axis": "y", "origin": [16, 10, 8]},
			"faces": {
				"east": {"uv": [3, 12, 9.5, 13], "texture": "#2"},
				"west": {"uv": [3, 12, 9.5, 13], "texture": "#2"},
				"up": {"uv": [3, 12, 9.5, 13], "rotation": 270, "texture": "#2"},
				"down": {"uv": [3, 12, 9.5, 13], "rotation": 90, "texture": "#2"}
			}
		},
		{
			"from": [14, 8, 7.25],
			"to": [15, 9, 13.75],
			"rotation": {"angle": 0, "axis": "y", "origin": [16, 10, 8]},
			"faces": {
				"east": {"uv": [3, 12, 9.5, 13], "texture": "#2"},
				"west": {"uv": [3, 12, 9.5, 13], "texture": "#2"},
				"up": {"uv": [3, 12, 9.5, 13], "rotation": 270, "texture": "#2"},
				"down": {"uv": [3, 12, 9.5, 13], "rotation": 90, "texture": "#2"}
			}
		},
		{
			"from": [12, 10, 6],
			"to": [16, 14, 14],
			"rotation": {"angle": 0, "axis": "y", "origin": [12, 14, 8]},
			"faces": {
				"north": {"uv": [3, 4, 7, 8], "texture": "#2"},
				"east": {"uv": [5, 4, 13, 8], "texture": "#2"},
				"south": {"uv": [5, 4, 9, 8], "texture": "#2"},
				"west": {"uv": [5, 4, 13, 8], "texture": "#2"},
				"up": {"uv": [12, 4, 4, 8], "rotation": 90, "texture": "#2"},
				"down": {"uv": [12, 8, 4, 4], "rotation": 90, "texture": "#2"}
			}
		},
		{
			"from": [1, 8, 7.25],
			"to": [2, 9, 13.75],
			"rotation": {"angle": 0, "axis": "y", "origin": [8, 0, 8]},
			"faces": {
				"east": {"uv": [3, 12, 9.5, 13], "texture": "#2"},
				"west": {"uv": [3, 12, 9.5, 13], "texture": "#2"},
				"up": {"uv": [3, 12, 9.5, 13], "rotation": 270, "texture": "#2"},
				"down": {"uv": [3, 12, 9.5, 13], "rotation": 90, "texture": "#2"}
			}
		},
		{
			"from": [1, 6, 7.25],
			"to": [2, 7, 13.75],
			"rotation": {"angle": 0, "axis": "y", "origin": [8, 0, 8]},
			"faces": {
				"east": {"uv": [3, 12, 9.5, 13], "texture": "#2"},
				"west": {"uv": [3, 12, 9.5, 13], "texture": "#2"},
				"up": {"uv": [3, 12, 9.5, 13], "rotation": 270, "texture": "#2"},
				"down": {"uv": [3, 12, 9.5, 13], "rotation": 90, "texture": "#2"}
			}
		},
		{
			"from": [1, 4, 7.25],
			"to": [2, 5, 13.75],
			"rotation": {"angle": 0, "axis": "y", "origin": [8, 0, 8]},
			"faces": {
				"east": {"uv": [3, 12, 9.5, 13], "texture": "#2"},
				"west": {"uv": [3, 12, 9.5, 13], "texture": "#2"},
				"up": {"uv": [3, 12, 9.5, 13], "rotation": 270, "texture": "#2"},
				"down": {"uv": [3, 12, 9.5, 13], "rotation": 90, "texture": "#2"}
			}
		},
		{
			"from": [0, 10, 6],
			"to": [4, 14, 14],
			"rotation": {"angle": 0, "axis": "y", "origin": [4, 14, 8]},
			"faces": {
				"north": {"uv": [8, 4, 12, 8], "texture": "#2"},
				"east": {"uv": [4, 4, 12, 8], "texture": "#2"},
				"south": {"uv": [3, 4, 7, 8], "texture": "#2"},
				"west": {"uv": [4, 4, 12, 8], "texture": "#2"},
				"up": {"uv": [3, 4, 11, 8], "rotation": 90, "texture": "#2"},
				"down": {"uv": [4, 4, 12, 8], "rotation": 90, "texture": "#2"}
			}
		},
		{
			"from": [0, 3, 6.5],
			"to": [3, 10, 9.5],
			"faces": {
				"north": {"uv": [0, 0, 3, 7], "texture": "#3"},
				"east": {"uv": [0, 0, 3, 7], "texture": "#3"},
				"south": {"uv": [0, 0, 3, 7], "texture": "#3"},
				"west": {"uv": [0, 0, 3, 7], "texture": "#3"},
				"down": {"uv": [0, 0, 3, 3], "texture": "#3"}
			}
		},
		{
			"from": [13, 3, 6.5],
			"to": [16, 10, 9.5],
			"rotation": {"angle": 0, "axis": "y", "origin": [14.5, 8.5, 8]},
			"faces": {
				"north": {"uv": [0, 0, 3, 7], "texture": "#3"},
				"east": {"uv": [0, 0, 3, 7], "texture": "#3"},
				"south": {"uv": [0, 0, 3, 7], "texture": "#3"},
				"west": {"uv": [0, 0, 3, 7], "texture": "#3"},
				"down": {"uv": [0, 0, 3, 3], "texture": "#3"}
			}
		},
		{
			"from": [0, 3, 13],
			"to": [3, 10, 14],
			"faces": {
				"north": {"uv": [0, 0, 3, 7], "texture": "#3"},
				"east": {"uv": [2, 0, 3, 7], "texture": "#3"},
				"south": {"uv": [0, 0, 3, 7], "texture": "#3"},
				"west": {"uv": [0, 0, 1, 7], "texture": "#3"},
				"down": {"uv": [0, 0, 3, 1], "texture": "#3"}
			}
		},
		{
			"from": [13, 3, 13],
			"to": [16, 10, 14],
			"faces": {
				"north": {"uv": [0, 0, 3, 7], "texture": "#3"},
				"east": {"uv": [2, 0, 3, 7], "texture": "#3"},
				"south": {"uv": [0, 0, 3, 7], "texture": "#3"},
				"west": {"uv": [0, 0, 1, 7], "texture": "#3"},
				"down": {"uv": [0, 0, 3, 1], "texture": "#3"}
			}
		}
	],
	"display": {
		"gui": {
			"rotation": [30, 45, 0],
			"translation": [0, -1, 0],
			"scale": [0.8, 0.8, 0.8]
		},
		"head": {
			"translation": [0, -3, -6]
		}
	}
}