{
	"credit": "Mady by Ecorn",
	"parent": "minecraft:block/fence_post",
	"textures": {
		"3": "block/bamboo_block",
		"5": "block/bamboo_planks_post",
		"particle": "block/bamboo_planks_post"
	},
	"elements": [
		{
			"from": [6.5, 0, 6.5],
			"to": [9.5, 12, 9.5],
			"faces": {
				"north": {"uv": [0, 0, 3, 12], "texture": "#3"},
				"east": {"uv": [0, 0, 3, 12], "texture": "#3"},
				"south": {"uv": [0, 0, 3, 12], "texture": "#3"},
				"west": {"uv": [0, 0, 3, 12], "texture": "#3"},
				"down": {"uv": [0, 0, 3, 3], "texture": "#3"}
			}
		},
		{
			"from": [6, 12, 6],
			"to": [10, 16, 10],
			"faces": {
				"north": {"uv": [0, 0, 4, 4], "texture": "#5"},
				"east": {"uv": [0, 0, 4, 4], "texture": "#5"},
				"south": {"uv": [0, 0, 4, 4], "texture": "#5"},
				"west": {"uv": [0, 0, 4, 4], "texture": "#5"},
				"up": {"uv": [11, 3, 15, 7], "texture": "#5"},
				"down": {"uv": [0, 0, 4, 4], "texture": "#5"}
			}
		}
	]
}
