{
	"credit": "Mady by Ecorn",
	"parent": "minecraft:block/fence_side",
	"textures": {
		"7": "block/bamboo_planks"
	},
	"elements": [
		{
			"from": [6, 12, 0],
			"to": [10, 16, 6],
			"rotation": {"angle": 0, "axis": "y", "origin": [8, 0, 8]},
			"faces": {
				"north": {"uv": [7, 4, 11, 8], "texture": "#7"},
				"east": {"uv": [7, 4, 13, 8], "texture": "#7"},
				"south": {"uv": [7, 4, 11, 8], "texture": "#7"},
				"west": {"uv": [7, 4, 13, 8], "texture": "#7"},
				"up": {"uv": [7, 4, 13, 8], "rotation": 90, "texture": "#7"},
				"down": {"uv": [7, 4, 13, 8], "rotation": 90, "texture": "#7"}
			}
		},
		{
			"from": [7.5, 6, 0],
			"to": [8.5, 7, 6.5],
			"rotation": {"angle": 0, "axis": "y", "origin": [8, 0, 8]},
			"faces": {
				"north": {"uv": [3, 12, 4, 13], "texture": "#7"},
				"east": {"uv": [3, 12, 9.5, 13], "texture": "#7"},
				"south": {"uv": [3, 12, 4, 13], "texture": "#7"},
				"west": {"uv": [3, 12, 9.5, 13], "texture": "#7"},
				"up": {"uv": [3, 12, 9.5, 13], "rotation": 270, "texture": "#7"},
				"down": {"uv": [3, 12, 9.5, 13], "rotation": 90, "texture": "#7"}
			}
		},
		{
			"from": [7.5, 8, 0],
			"to": [8.5, 9, 6.5],
			"rotation": {"angle": 0, "axis": "y", "origin": [8, 0, 8]},
			"faces": {
				"north": {"uv": [3, 12, 4, 13], "texture": "#7"},
				"east": {"uv": [3, 12, 9.5, 13], "texture": "#7"},
				"south": {"uv": [3, 12, 4, 13], "texture": "#7"},
				"west": {"uv": [3, 12, 9.5, 13], "texture": "#7"},
				"up": {"uv": [3, 12, 9.5, 13], "rotation": 270, "texture": "#7"},
				"down": {"uv": [3, 12, 9.5, 13], "rotation": 90, "texture": "#7"}
			}
		},
		{
			"from": [7.5, 10, 0],
			"to": [8.5, 11, 6.5],
			"rotation": {"angle": 0, "axis": "y", "origin": [8, 0, 8]},
			"faces": {
				"north": {"uv": [3, 12, 4, 13], "texture": "#7"},
				"east": {"uv": [3, 12, 9.5, 13], "texture": "#7"},
				"south": {"uv": [3, 12, 4, 13], "texture": "#7"},
				"west": {"uv": [3, 12, 9.5, 13], "texture": "#7"},
				"up": {"uv": [3, 12, 9.5, 13], "rotation": 270, "texture": "#7"},
				"down": {"uv": [3, 12, 9.5, 13], "rotation": 90, "texture": "#7"}
			}
		}
	]
}
