{
	"credit": "Mady by Ecorn",
	"parent": "minecraft:block/fence_side",
	"textures": {
		"0": "block/bamboo_block",
		"particle": "block/bamboo_block"
	},
	"elements": [
		{
			"from": [6.5, 11, 0],
			"to": [9.5, 14, 6],
			"faces": {
				"north": {"uv": [0, 0, 3, 3], "texture": "#0"},
				"east": {"uv": [0, 0, 6, 3], "texture": "#0"},
				"south": {"uv": [0, 0, 3, 3], "texture": "#0"},
				"west": {"uv": [0, 0, 6, 3], "texture": "#0"},
				"up": {"uv": [0, 0, 3, 6], "texture": "#0"},
				"down": {"uv": [0, 0, 3, 6], "texture": "#0"}
			}
		}
	]
}
