{
	"credit": "Mady by Ecorn",
	"parent": "minecraft:block/fence_post",
	"textures": {
		"1": "block/birch_log",
		"2": "block/birch_log_top",
		"particle": "block/birch_log"
	},
	"elements": [
		{
			"from": [6, 0, 6],
			"to": [10, 16, 10],
			"faces": {
				"north": {"uv": [0, 0, 4, 16], "texture": "#1"},
				"east": {"uv": [12, 0, 16, 16], "texture": "#1"},
				"south": {"uv": [8, 0, 12, 16], "texture": "#1"},
				"west": {"uv": [4, 0, 8, 16], "texture": "#1"},
				"up": {"uv": [6, 6, 10, 10], "texture": "#2"},
				"down": {"uv": [6, 6, 10, 10], "texture": "#2"}
			}
		}
	]
}
