{
	"credit": "Made by Ecorn",
	"parent": "block/block",
	"textures": {
		"1": "block/cherry_log",
		"2": "block/cherry_planks",
		"3": "block/cherry_log_top",
		"particle": "block/cherry_planks"
	},
	"elements": [
		{
			"from": [13, 9, 8],
			"to": [15.5, 11, 15],
			"rotation": {"angle": 0, "axis": "y", "origin": [13, 5, 8]},
			"faces": {
				"north": {"uv": [2, 0, 4.5, 2], "texture": "#3"},
				"east": {"uv": [3, 0, 10, 2], "texture": "#3"},
				"south": {"uv": [12, 0, 14.5, 2], "texture": "#3"},
				"west": {"uv": [3, 0, 10, 2], "texture": "#3"},
				"up": {"uv": [9, 0, 16, 2], "rotation": 270, "texture": "#1"},
				"down": {"uv": [11, 3, 13, 10], "rotation": 180, "texture": "#3"}
			}
		},
		{
			"from": [13.25, 5, 10],
			"to": [15.25, 10, 11],
			"rotation": {"angle": -22.5, "axis": "x", "origin": [13, 5, 11]},
			"faces": {
				"north": {"uv": [0, 1, 5, 3], "rotation": 90, "texture": "#2"},
				"east": {"uv": [5, 4, 0, 5], "rotation": 90, "texture": "#2"},
				"south": {"uv": [0, 3, 5, 5], "rotation": 270, "texture": "#2"},
				"west": {"uv": [0, 4, 5, 5], "rotation": 270, "texture": "#2"}
			}
		},
		{
			"from": [13, 4, 8],
			"to": [15.5, 5, 15],
			"rotation": {"angle": 0, "axis": "y", "origin": [13, 5, 8]},
			"faces": {
				"north": {"uv": [2, 1, 4.5, 2], "texture": "#2"},
				"east": {"uv": [4, 1, 11, 2], "texture": "#2"},
				"south": {"uv": [12, 1, 14.5, 2], "texture": "#2"},
				"west": {"uv": [4, 1, 10, 2], "texture": "#2"},
				"up": {"uv": [3, 3, 10, 5], "rotation": 270, "texture": "#2"},
				"down": {"uv": [3, 3, 5, 10], "rotation": 180, "texture": "#2"}
			}
		},
		{
			"from": [13.25, 5, 13],
			"to": [15.25, 10, 14],
			"rotation": {"angle": -22.5, "axis": "x", "origin": [13, 5, 14]},
			"faces": {
				"north": {"uv": [1, 1, 6, 3], "rotation": 90, "texture": "#2"},
				"east": {"uv": [5, 4, 0, 5], "rotation": 90, "texture": "#2"},
				"south": {"uv": [0, 3, 5, 5], "rotation": 270, "texture": "#2"},
				"west": {"uv": [0, 4, 5, 5], "rotation": 270, "texture": "#2"}
			}
		},
		{
			"from": [0.75, 5, 13],
			"to": [2.75, 10, 14],
			"rotation": {"angle": -22.5, "axis": "x", "origin": [3, 5, 14]},
			"faces": {
				"north": {"uv": [1, 1, 6, 3], "rotation": 90, "texture": "#2"},
				"east": {"uv": [5, 4, 0, 5], "rotation": 90, "texture": "#2"},
				"south": {"uv": [0, 3, 5, 5], "rotation": 270, "texture": "#2"},
				"west": {"uv": [0, 4, 5, 5], "rotation": 270, "texture": "#2"}
			}
		},
		{
			"from": [0.75, 5, 10],
			"to": [2.75, 10, 11],
			"rotation": {"angle": -22.5, "axis": "x", "origin": [3, 5, 11]},
			"faces": {
				"north": {"uv": [0, 1, 5, 3], "rotation": 90, "texture": "#2"},
				"east": {"uv": [5, 4, 0, 5], "rotation": 90, "texture": "#2"},
				"south": {"uv": [0, 3, 5, 5], "rotation": 270, "texture": "#2"},
				"west": {"uv": [0, 4, 5, 5], "rotation": 270, "texture": "#2"}
			}
		},
		{
			"name": "Center post",
			"from": [0, 10, 6],
			"to": [1, 12, 10],
			"rotation": {"angle": 0, "axis": "y", "origin": [-6, -2, -7]},
			"faces": {
				"north": {"uv": [12, 0, 13, 2], "texture": "#1"},
				"east": {"uv": [0, 0, 4, 2], "texture": "#1"},
				"south": {"uv": [12, 0, 13, 2], "texture": "#1"},
				"west": {"uv": [0, 0, 4, 2], "texture": "#1", "cullface": "west"},
				"up": {"uv": [6, 6, 7, 10], "texture": "#1"}
			}
		},
		{
			"name": "Center post",
			"from": [0, 3.9, 6],
			"to": [1, 10, 10],
			"rotation": {"angle": 0, "axis": "y", "origin": [-6, -0.1, -7]},
			"faces": {
				"north": {"uv": [12, 4, 13, 10], "texture": "#2"},
				"east": {"uv": [0, 4, 4, 10], "texture": "#2"},
				"south": {"uv": [12, 4, 13, 10], "texture": "#2"},
				"west": {"uv": [0, 4, 4, 10], "texture": "#2", "cullface": "west"},
				"down": {"uv": [13, 8, 14, 12], "texture": "#2"}
			}
		},
		{
			"name": "Center post",
			"from": [15, 10, 6],
			"to": [16, 12, 10],
			"rotation": {"angle": 0, "axis": "y", "origin": [9, -2, -7]},
			"faces": {
				"north": {"uv": [12, 0, 13, 2], "texture": "#1"},
				"east": {"uv": [0, 0, 4, 2], "texture": "#1", "cullface": "east"},
				"south": {"uv": [12, 0, 13, 2], "texture": "#1"},
				"west": {"uv": [0, 0, 4, 2], "texture": "#1"},
				"up": {"uv": [6, 6, 7, 10], "texture": "#1"}
			}
		},
		{
			"name": "Center post",
			"from": [15, 3.9, 6],
			"to": [16, 10, 10],
			"rotation": {"angle": 0, "axis": "y", "origin": [9, -0.1, -7]},
			"faces": {
				"north": {"uv": [12, 4, 13, 10], "texture": "#2"},
				"east": {"uv": [0, 4, 4, 10], "texture": "#2", "cullface": "east"},
				"south": {"uv": [12, 4, 13, 10], "texture": "#2"},
				"west": {"uv": [0, 4, 4, 10], "texture": "#2"},
				"down": {"uv": [13, 8, 14, 12], "texture": "#2"}
			}
		},
		{
			"from": [0.5, 4, 8],
			"to": [3, 5, 15],
			"rotation": {"angle": 0, "axis": "y", "origin": [3, 5, 8]},
			"faces": {
				"north": {"uv": [12, 1, 14.5, 2], "texture": "#2"},
				"east": {"uv": [4, 1, 10, 2], "texture": "#2"},
				"south": {"uv": [2, 1, 4.5, 2], "texture": "#2"},
				"west": {"uv": [4, 1, 11, 2], "texture": "#2"},
				"up": {"uv": [6, 3, 13, 5], "rotation": 90, "texture": "#2"},
				"down": {"uv": [3, 3, 5, 10], "texture": "#2"}
			}
		},
		{
			"from": [0.5, 9, 8],
			"to": [3, 11, 15],
			"rotation": {"angle": 0, "axis": "y", "origin": [3, 5, 8]},
			"faces": {
				"north": {"uv": [12, 0, 14.5, 2], "texture": "#3"},
				"east": {"uv": [8, 0, 15, 2], "texture": "#3"},
				"south": {"uv": [2, 0, 4.5, 2], "texture": "#3"},
				"west": {"uv": [8, 0, 15, 2], "texture": "#3"},
				"up": {"uv": [2, 0, 9, 2], "rotation": 90, "texture": "#1"},
				"down": {"uv": [11, 3, 13, 10], "texture": "#3"}
			}
		},
		{
			"name": "Center post",
			"from": [0.75, 4, 14],
			"to": [2.75, 10, 15],
			"rotation": {"angle": 0, "axis": "y", "origin": [3, 5, 8]},
			"faces": {
				"north": {"uv": [0, 4, 2, 10], "texture": "#2"},
				"east": {"uv": [12, 4, 13, 10], "texture": "#2"},
				"south": {"uv": [0, 4, 2, 10], "texture": "#2"},
				"west": {"uv": [12, 4, 13, 10], "texture": "#2"}
			}
		},
		{
			"name": "Center post",
			"from": [13.25, 4, 14],
			"to": [15.25, 10, 15],
			"rotation": {"angle": 0, "axis": "y", "origin": [13, 5, 8]},
			"faces": {
				"north": {"uv": [0, 4, 2, 10], "texture": "#2"},
				"east": {"uv": [13, 4, 14, 10], "texture": "#2"},
				"south": {"uv": [0, 4, 2, 10], "texture": "#2"},
				"west": {"uv": [13, 4, 14, 10], "texture": "#2"}
			}
		}
	],
	"display": {
		"gui": {
			"rotation": [30, 45, 0],
			"translation": [0, -1, 0],
			"scale": [0.8, 0.8, 0.8]
		},
		"head": {
			"translation": [0, -3, -6]
		}
	}
}