{
	"credit": "Made by Ecorn",
	"parent": "block/block",
	"textures": {
		"1": "block/cherry_log",
		"2": "block/cherry_planks",
		"3": "block/cherry_log_top",
		"particle": "block/cherry_planks"
	},
	"elements": [
		{
			"from": [8, 9, 6.75],
			"to": [15, 11, 9.25],
			"rotation": {"angle": 0, "axis": "y", "origin": [12, 3, 9.25]},
			"faces": {
				"north": {"uv": [3, 0, 10, 2], "texture": "#3"},
				"south": {"uv": [3, 0, 10, 2], "texture": "#3"},
				"up": {"uv": [9, 0, 16, 2], "texture": "#1"},
				"down": {"uv": [11, 3, 13, 10], "rotation": 90, "texture": "#3"}
			}
		},
		{
			"from": [12, 5, 7],
			"to": [13, 11, 9],
			"rotation": {"angle": -22.5, "axis": "z", "origin": [12, 5, 9.25]},
			"faces": {
				"north": {"uv": [0, 4, 6, 5], "rotation": 270, "texture": "#2"},
				"east": {"uv": [0, 1, 6, 3], "rotation": 90, "texture": "#2"},
				"south": {"uv": [6, 4, 0, 5], "rotation": 90, "texture": "#2"},
				"west": {"uv": [0, 3, 6, 5], "rotation": 270, "texture": "#2"}
			}
		},
		{
			"from": [8, 4, 6.75],
			"to": [15, 5, 9.25],
			"rotation": {"angle": 0, "axis": "y", "origin": [12, 3, 9.25]},
			"faces": {
				"north": {"uv": [4, 1, 10, 2], "texture": "#3"},
				"south": {"uv": [4, 1, 11, 2], "texture": "#3"},
				"up": {"uv": [3, 3, 10, 5], "texture": "#3"},
				"down": {"uv": [3, 3, 5, 10], "rotation": 90, "texture": "#3"}
			}
		},
		{
			"from": [1, 9, 6.75],
			"to": [8, 11, 9.25],
			"rotation": {"angle": 0, "axis": "y", "origin": [5, 3, 9.25]},
			"faces": {
				"north": {"uv": [8, 0, 15, 2], "texture": "#3"},
				"south": {"uv": [8, 0, 15, 2], "texture": "#3"},
				"up": {"uv": [2, 0, 9, 2], "texture": "#1"},
				"down": {"uv": [11, 3, 13, 10], "rotation": 90, "texture": "#3"}
			}
		},
		{
			"from": [1, 4, 6.75],
			"to": [8, 5, 9.25],
			"rotation": {"angle": 0, "axis": "y", "origin": [5, 3, 9.25]},
			"faces": {
				"north": {"uv": [4, 1, 10, 2], "texture": "#3"},
				"south": {"uv": [4, 1, 11, 2], "texture": "#3"},
				"up": {"uv": [6, 3, 13, 5], "texture": "#3"},
				"down": {"uv": [3, 3, 5, 10], "rotation": 90, "texture": "#3"}
			}
		},
		{
			"from": [9, 5, 7],
			"to": [10, 10, 9],
			"rotation": {"angle": -22.5, "axis": "z", "origin": [9, 5, 9.25]},
			"faces": {
				"north": {"uv": [0, 4, 5, 5], "rotation": 270, "texture": "#2"},
				"east": {"uv": [1, 1, 6, 3], "rotation": 90, "texture": "#2"},
				"south": {"uv": [5, 4, 0, 5], "rotation": 90, "texture": "#2"},
				"west": {"uv": [0, 3, 5, 5], "rotation": 270, "texture": "#2"}
			}
		},
		{
			"from": [3, 5, 7],
			"to": [4, 11, 9],
			"rotation": {"angle": 22.5, "axis": "z", "origin": [4, 5, 6.75]},
			"faces": {
				"north": {"uv": [6, 4, 0, 5], "rotation": 90, "texture": "#2"},
				"east": {"uv": [0, 3, 6, 5], "rotation": 270, "texture": "#2"},
				"south": {"uv": [0, 4, 6, 5], "rotation": 270, "texture": "#2"},
				"west": {"uv": [0, 1, 6, 3], "rotation": 90, "texture": "#2"}
			}
		},
		{
			"from": [6, 5, 7],
			"to": [7, 10, 9],
			"rotation": {"angle": 22.5, "axis": "z", "origin": [7, 5, 6.75]},
			"faces": {
				"north": {"uv": [5, 4, 0, 5], "rotation": 90, "texture": "#2"},
				"east": {"uv": [0, 3, 5, 5], "rotation": 270, "texture": "#2"},
				"south": {"uv": [0, 4, 5, 5], "rotation": 270, "texture": "#2"},
				"west": {"uv": [1, 1, 6, 3], "rotation": 90, "texture": "#2"}
			}
		},
		{
			"name": "Center post",
			"from": [0, 3.9, 6],
			"to": [1, 10, 10],
			"rotation": {"angle": 0, "axis": "y", "origin": [-6, -0.1, -7]},
			"faces": {
				"north": {"uv": [12, 4, 13, 10], "texture": "#2"},
				"east": {"uv": [0, 4, 4, 10], "texture": "#2"},
				"south": {"uv": [12, 4, 13, 10], "texture": "#2"},
				"west": {"uv": [0, 4, 4, 10], "texture": "#2"},
				"down": {"uv": [13, 8, 14, 12], "texture": "#2", "cullface": "down"}
			}
		},
		{
			"name": "Center post",
			"from": [7, 4, 7],
			"to": [8, 10, 9],
			"rotation": {"angle": 0, "axis": "y", "origin": [1, 0, -7]},
			"faces": {
				"north": {"uv": [12, 4, 13, 10], "texture": "#2"},
				"south": {"uv": [12, 4, 13, 10], "texture": "#2"},
				"west": {"uv": [0, 4, 2, 10], "texture": "#2"}
			}
		},
		{
			"name": "Center post",
			"from": [8, 4, 7],
			"to": [9, 10, 9],
			"rotation": {"angle": 0, "axis": "y", "origin": [2, 0, -7]},
			"faces": {
				"north": {"uv": [13, 4, 14, 10], "texture": "#2"},
				"east": {"uv": [0, 4, 2, 10], "texture": "#2"},
				"south": {"uv": [13, 4, 14, 10], "texture": "#2"}
			}
		},
		{
			"name": "Center post",
			"from": [0, 10, 6],
			"to": [1, 12, 10],
			"rotation": {"angle": 0, "axis": "y", "origin": [-6, -2, -7]},
			"faces": {
				"north": {"uv": [12, 0, 13, 2], "texture": "#1"},
				"east": {"uv": [0, 0, 4, 2], "texture": "#1"},
				"south": {"uv": [12, 0, 13, 2], "texture": "#1"},
				"west": {"uv": [0, 0, 4, 2], "texture": "#1"},
				"up": {"uv": [6, 6, 7, 10], "texture": "#1", "cullface": "up"}
			}
		},
		{
			"name": "Center post",
			"from": [15, 3.9, 6],
			"to": [16, 10, 10],
			"rotation": {"angle": 0, "axis": "y", "origin": [9, -0.1, -7]},
			"faces": {
				"north": {"uv": [12, 4, 13, 10], "texture": "#2"},
				"east": {"uv": [0, 4, 4, 10], "texture": "#2"},
				"south": {"uv": [12, 4, 13, 10], "texture": "#2"},
				"west": {"uv": [0, 4, 4, 10], "texture": "#2"},
				"down": {"uv": [13, 8, 14, 12], "texture": "#2", "cullface": "down"}
			}
		},
		{
			"name": "Center post",
			"from": [15, 10, 6],
			"to": [16, 12, 10],
			"rotation": {"angle": 0, "axis": "y", "origin": [9, -2, -7]},
			"faces": {
				"north": {"uv": [12, 0, 13, 2], "texture": "#1"},
				"east": {"uv": [0, 0, 4, 2], "texture": "#1"},
				"south": {"uv": [12, 0, 13, 2], "texture": "#1"},
				"west": {"uv": [0, 0, 4, 2], "texture": "#1"},
				"up": {"uv": [6, 6, 7, 10], "texture": "#1", "cullface": "up"}
			}
		}
	],
	"display": {
		"thirdperson_righthand": {
			"rotation": [75, 30, 0],
			"translation": [0, 0.75, 0],
			"scale": [0.375, 0.375, 0.375]
		},
		"thirdperson_lefthand": {
			"rotation": [75, 30, 0],
			"translation": [0, 0.75, 0],
			"scale": [0.375, 0.375, 0.375]
		},
		"firstperson_righthand": {
			"rotation": [0, -60, 0],
			"scale": [0.5, 0.5, 0.5]
		},
		"firstperson_lefthand": {
			"rotation": [0, -60, 0],
			"scale": [0.5, 0.5, 0.5]
		},
		"ground": {
			"translation": [0, 3, 0],
			"scale": [0.5, 0.5, 0.5]
		},
		"gui": {
			"rotation": [30, 225, 0],
			"translation": [0, 0.5, 0],
			"scale": [0.7, 0.7, 0.7]
		},
		"head": {
			"rotation": [0, 180, 0],
			"translation": [0, 13, 7]
		},
		"fixed": {
			"scale": [0.7, 0.7, 0.7]
		}
	}
}