{
	"credit": "Mady by Ecorn",
	"parent": "minecraft:block/fence_post",
	"textures": {
		"1": "block/crimson_stem",
		"2": "block/crimson_stem_top",
		"3": "block/crimson_planks",
		"4": "block/crimson_roots_pot",
		"particle": "block/crimson_stem"
	},
	"elements": [
		{
			"name": "Center post",
			"from": [6, 0, -1],
			"to": [10, 16, 3],
			"faces": {
				"north": {"uv": [0, 0, 4, 16], "texture": "#1"},
				"east": {"uv": [12, 0, 16, 16], "texture": "#1"},
				"south": {"uv": [8, 0, 12, 16], "texture": "#1"},
				"west": {"uv": [4, 0, 8, 16], "texture": "#1"},
				"up": {"uv": [6, 6, 10, 10], "texture": "#2", "cullface": "up"},
				"down": {"uv": [6, 6, 10, 10], "texture": "#2", "cullface": "down"}
			}
		},
		{
			"name": "Center post",
			"from": [6, 0, 13],
			"to": [10, 16, 17],
			"faces": {
				"north": {"uv": [0, 0, 4, 16], "texture": "#1"},
				"east": {"uv": [12, 0, 16, 16], "texture": "#1"},
				"south": {"uv": [8, 0, 12, 16], "texture": "#1"},
				"west": {"uv": [4, 0, 8, 16], "texture": "#1"},
				"up": {"uv": [6, 6, 10, 10], "texture": "#2", "cullface": "up"},
				"down": {"uv": [6, 6, 10, 10], "texture": "#2", "cullface": "down"}
			}
		},
		{
			"from": [6.75, 3, 8],
			"to": [9.25, 5, 14],
			"rotation": {"angle": 0, "axis": "y", "origin": [-0.25, -5, 12]},
			"faces": {
				"east": {"uv": [6, 14, 0, 16], "texture": "#3"},
				"west": {"uv": [0, 14, 6, 16], "texture": "#3"},
				"up": {"uv": [0, 13, 6, 15], "rotation": 90, "texture": "#3"},
				"down": {"uv": [0, 16, 6, 15], "rotation": 90, "texture": "#3"}
			}
		},
		{
			"from": [6.75, 11, 8],
			"to": [9.25, 13, 14],
			"rotation": {"angle": 0, "axis": "y", "origin": [-0.25, 3, 12]},
			"faces": {
				"east": {"uv": [6, 10, 0, 12], "texture": "#3"},
				"west": {"uv": [0, 10, 6, 12], "texture": "#3"},
				"up": {"uv": [0, 9, 6, 11], "rotation": 90, "texture": "#3"},
				"down": {"uv": [0, 12, 6, 11], "rotation": 90, "texture": "#3"}
			}
		},
		{
			"from": [8, 5, 9],
			"to": [8, 10, 10],
			"rotation": {"angle": 0, "axis": "y", "origin": [7, 5, 9]},
			"faces": {
				"east": {"uv": [10, 7, 11, 12], "texture": "#4"},
				"west": {"uv": [11, 7, 10, 12], "texture": "#4"}
			}
		},
		{
			"from": [8, 6, 10],
			"to": [8, 7, 11],
			"rotation": {"angle": 0, "axis": "y", "origin": [7, 4, 10]},
			"faces": {
				"east": {"uv": [9, 10, 10, 11], "texture": "#4"},
				"west": {"uv": [10, 10, 9, 11], "texture": "#4"}
			}
		},
		{
			"from": [8, 5, 11],
			"to": [8, 11, 12],
			"rotation": {"angle": 0, "axis": "y", "origin": [7, 5, 11]},
			"faces": {
				"east": {"uv": [8, 6, 9, 12], "texture": "#4"},
				"west": {"uv": [9, 6, 8, 12], "texture": "#4"}
			}
		},
		{
			"from": [8, 7, 12],
			"to": [8, 9, 13],
			"rotation": {"angle": 0, "axis": "y", "origin": [7, 6, 12]},
			"faces": {
				"east": {"uv": [7, 8, 8, 10], "texture": "#4"},
				"west": {"uv": [8, 8, 7, 10], "texture": "#4"}
			}
		},
		{
			"from": [6.75, 3, 2],
			"to": [9.25, 5, 8],
			"rotation": {"angle": 0, "axis": "y", "origin": [8, 8, 5]},
			"faces": {
				"east": {"uv": [0, 14, 6, 16], "texture": "#3"},
				"west": {"uv": [6, 14, 0, 16], "texture": "#3"},
				"up": {"uv": [0, 13, 6, 15], "rotation": 270, "texture": "#3"},
				"down": {"uv": [0, 16, 6, 15], "rotation": 270, "texture": "#3"}
			}
		},
		{
			"from": [6.75, 11, 2],
			"to": [9.25, 13, 8],
			"rotation": {"angle": 0, "axis": "y", "origin": [8, 8, 5]},
			"faces": {
				"east": {"uv": [0, 10, 6, 12], "texture": "#3"},
				"west": {"uv": [6, 10, 0, 12], "texture": "#3"},
				"up": {"uv": [0, 9, 6, 11], "rotation": 270, "texture": "#3"},
				"down": {"uv": [0, 12, 6, 11], "rotation": 270, "texture": "#3"}
			}
		},
		{
			"from": [8, 6, 8],
			"to": [8, 8, 9],
			"rotation": {"angle": 0, "axis": "y", "origin": [8, 8, 6]},
			"faces": {
				"east": {"uv": [12, 9, 11, 11], "texture": "#4"},
				"west": {"uv": [11, 9, 12, 11], "texture": "#4"}
			}
		},
		{
			"from": [8, 10, 8],
			"to": [8, 11, 9],
			"rotation": {"angle": 0, "axis": "y", "origin": [8, 8, 6]},
			"faces": {
				"east": {"uv": [12, 9, 11, 10], "texture": "#4"},
				"west": {"uv": [11, 9, 12, 10], "texture": "#4"}
			}
		},
		{
			"from": [8, 5, 7],
			"to": [8, 10, 8],
			"rotation": {"angle": 0, "axis": "y", "origin": [8, 8, 6]},
			"faces": {
				"east": {"uv": [11, 7, 10, 12], "texture": "#4"},
				"west": {"uv": [10, 7, 11, 12], "texture": "#4"}
			}
		},
		{
			"from": [8, 6, 6],
			"to": [8, 7, 7],
			"rotation": {"angle": 0, "axis": "y", "origin": [8, 8, 6]},
			"faces": {
				"east": {"uv": [10, 10, 9, 11], "texture": "#4"},
				"west": {"uv": [9, 10, 10, 11], "texture": "#4"}
			}
		},
		{
			"from": [8, 5, 5],
			"to": [8, 11, 6],
			"rotation": {"angle": 0, "axis": "y", "origin": [8, 8, 6]},
			"faces": {
				"east": {"uv": [9, 6, 8, 12], "texture": "#4"},
				"west": {"uv": [8, 6, 9, 12], "texture": "#4"}
			}
		},
		{
			"from": [8, 7, 4],
			"to": [8, 9, 5],
			"rotation": {"angle": 0, "axis": "y", "origin": [8, 8, 6]},
			"faces": {
				"east": {"uv": [8, 8, 7, 10], "texture": "#4"},
				"west": {"uv": [7, 8, 8, 10], "texture": "#4"}
			}
		},
		{
			"from": [8, 5, 3],
			"to": [8, 11, 4],
			"rotation": {"angle": 0, "axis": "y", "origin": [8, 8, 6]},
			"faces": {
				"east": {"uv": [7, 6, 6, 12], "texture": "#4"},
				"west": {"uv": [6, 6, 7, 12], "texture": "#4"}
			}
		}
	],
	"display": {
		"thirdperson_righthand": {
			"rotation": [75, 30, 0],
			"translation": [0, 0.75, 0],
			"scale": [0.375, 0.375, 0.375]
		},
		"thirdperson_lefthand": {
			"rotation": [75, 30, 0],
			"translation": [0, 0.75, 0],
			"scale": [0.375, 0.375, 0.375]
		},
		"firstperson_righthand": {
			"rotation": [0, 35, 0],
			"scale": [0.5, 0.5, 0.5]
		},
		"firstperson_lefthand": {
			"rotation": [0, 35, 0],
			"scale": [0.5, 0.5, 0.5]
		},
		"ground": {
			"translation": [0, 3, 0],
			"scale": [0.5, 0.5, 0.5]
		},
		"gui": {
			"rotation": [30, 135, 0],
			"scale": [0.62, 0.62, 0.62]
		},
		"fixed": {
			"scale": [0.7, 0.7, 0.7]
		}
	}
}