{
	"credit": "Mady by Ecorn",
	"textures": {
		"2": "block/crimson_planks",
		"3": "block/crimson_roots_pot",
		"particle": "block/crimson_planks"
	},
	"elements": [
		{
			"from": [6.75, 3, 0],
			"to": [9.25, 5, 6],
			"rotation": {"angle": 0, "axis": "y", "origin": [-0.25, -5, 4]},
			"faces": {
				"north": {"uv": [0, 14, 2, 16], "texture": "#2"},
				"east": {"uv": [6, 14, 0, 16], "texture": "#2"},
				"west": {"uv": [0, 14, 6, 16], "texture": "#2"},
				"up": {"uv": [0, 13, 6, 15], "rotation": 90, "texture": "#2"},
				"down": {"uv": [0, 16, 6, 15], "rotation": 90, "texture": "#2"}
			}
		},
		{
			"from": [6.75, 11, 0],
			"to": [9.25, 13, 6],
			"rotation": {"angle": 0, "axis": "y", "origin": [-0.25, 3, 4]},
			"faces": {
				"north": {"uv": [0, 10, 2, 12], "texture": "#2"},
				"east": {"uv": [6, 10, 0, 12], "texture": "#2"},
				"west": {"uv": [0, 10, 6, 12], "texture": "#2"},
				"up": {"uv": [0, 9, 6, 11], "rotation": 90, "texture": "#2"},
				"down": {"uv": [0, 12, 6, 11], "rotation": 90, "texture": "#2"}
			}
		},
		{
			"from": [8, 6, 0],
			"to": [8, 8, 1],
			"rotation": {"angle": 0, "axis": "y", "origin": [7, 5, 0]},
			"faces": {
				"east": {"uv": [11, 9, 12, 11], "texture": "#3"},
				"west": {"uv": [12, 9, 11, 11], "texture": "#3"}
			}
		},
		{
			"from": [8, 7, 4],
			"to": [8, 9, 5],
			"rotation": {"angle": 0, "axis": "y", "origin": [7, 6, 4]},
			"faces": {
				"east": {"uv": [7, 8, 8, 10], "texture": "#3"},
				"west": {"uv": [8, 8, 7, 10], "texture": "#3"}
			}
		},
		{
			"from": [8, 5, 1],
			"to": [8, 10, 2],
			"rotation": {"angle": 0, "axis": "y", "origin": [7, 5, 1]},
			"faces": {
				"east": {"uv": [10, 7, 11, 12], "texture": "#3"},
				"west": {"uv": [11, 7, 10, 12], "texture": "#3"}
			}
		},
		{
			"from": [8, 5, 3],
			"to": [8, 11, 4],
			"rotation": {"angle": 0, "axis": "y", "origin": [7, 5, 3]},
			"faces": {
				"east": {"uv": [8, 6, 9, 12], "texture": "#3"},
				"west": {"uv": [9, 6, 8, 12], "texture": "#3"}
			}
		},
		{
			"from": [8, 5, 5],
			"to": [8, 11, 6],
			"rotation": {"angle": 0, "axis": "y", "origin": [7, 5, 5]},
			"faces": {
				"east": {"uv": [6, 6, 7, 12], "texture": "#3"},
				"west": {"uv": [7, 6, 6, 12], "texture": "#3"}
			}
		},
		{
			"from": [8, 10, 0],
			"to": [8, 11, 1],
			"rotation": {"angle": 0, "axis": "y", "origin": [7, 8, 0]},
			"faces": {
				"east": {"uv": [11, 9, 12, 10], "texture": "#3"},
				"west": {"uv": [12, 9, 11, 10], "texture": "#3"}
			}
		},
		{
			"from": [8, 6, 2],
			"to": [8, 7, 3],
			"rotation": {"angle": 0, "axis": "y", "origin": [7, 4, 2]},
			"faces": {
				"east": {"uv": [9, 10, 10, 11], "texture": "#3"},
				"west": {"uv": [10, 10, 9, 11], "texture": "#3"}
			}
		}
	]
}