{
	"credit": "Mady by Ecorn",
	"parent": "minecraft:block/template_fence_gate",
	"textures": {
		"1": "block/dark_oak_log",
		"2": "block/dark_oak_log_top",
		"3": "block/stripped_dark_oak_log",
		"particle": "block/dark_oak_log"
	},
	"elements": [
		{
			"from": [14, 5, 7.5],
			"to": [16, 7, 16.5],
			"rotation": {"angle": -45, "axis": "x", "origin": [15, 7, 11]},
			"faces": {
				"east": {"uv": [0, 1, 10, 3], "rotation": 180, "texture": "#3"},
				"west": {"uv": [0, 1, 10, 3], "texture": "#3"},
				"up": {"uv": [0, 1, 10, 3], "rotation": 90, "texture": "#3"},
				"down": {"uv": [0, 1, 10, 3], "rotation": 270, "texture": "#3"}
			}
		},
		{
			"from": [13.51, 10, 8.5],
			"to": [16.49, 13, 15.5],
			"rotation": {"angle": 0, "axis": "y", "origin": [17, 11.5, 8]},
			"faces": {
				"east": {"uv": [0, 0, 7, 3], "texture": "#3"},
				"west": {"uv": [0, 0, 7, 3], "texture": "#3"},
				"up": {"uv": [0, 0, 3, 7], "texture": "#3"},
				"down": {"uv": [0, 0, 3, 7], "texture": "#3"}
			}
		},
		{
			"from": [13, 3.5, 15.5],
			"to": [17, 14, 16.5],
			"rotation": {"angle": 0, "axis": "y", "origin": [13, 8.75, 16]},
			"faces": {
				"north": {"uv": [0, 0, 4, 10.5], "texture": "#3"},
				"east": {"uv": [0, 0, 1, 10.5], "texture": "#3"},
				"south": {"uv": [0, 0, 4, 10.5], "texture": "#3"},
				"west": {"uv": [0, 0, 1, 10.5], "texture": "#3"},
				"up": {"uv": [0, 0, 1, 4], "rotation": 270, "texture": "#3"},
				"down": {"uv": [0, 0, 1, 4], "rotation": 90, "texture": "#3"}
			}
		},
		{
			"from": [-0.49, 10, 8.5],
			"to": [2.49, 13, 15.5],
			"rotation": {"angle": 0, "axis": "y", "origin": [3, 11.5, 8]},
			"faces": {
				"east": {"uv": [0, 0, 7, 3], "texture": "#3"},
				"west": {"uv": [0, 0, 7, 3], "texture": "#3"},
				"up": {"uv": [0, 0, 3, 7], "texture": "#3"},
				"down": {"uv": [0, 0, 3, 7], "texture": "#3"}
			}
		},
		{
			"from": [0, 5, 7.5],
			"to": [2, 7, 16.5],
			"rotation": {"angle": -45, "axis": "x", "origin": [1, 7, 11]},
			"faces": {
				"east": {"uv": [0, 1, 10, 3], "rotation": 180, "texture": "#3"},
				"west": {"uv": [0, 1, 10, 3], "texture": "#3"},
				"up": {"uv": [0, 1, 10, 3], "rotation": 90, "texture": "#3"},
				"down": {"uv": [0, 1, 10, 3], "rotation": 270, "texture": "#3"}
			}
		},
		{
			"from": [-1, 3.5, 15.5],
			"to": [3, 14, 16.5],
			"rotation": {"angle": 0, "axis": "y", "origin": [-1, 8.75, 16]},
			"faces": {
				"north": {"uv": [0, 0, 4, 10.5], "texture": "#3"},
				"east": {"uv": [0, 0, 1, 10.5], "texture": "#3"},
				"south": {"uv": [0, 0, 4, 10.5], "texture": "#3"},
				"west": {"uv": [0, 0, 1, 10.5], "texture": "#3"},
				"up": {"uv": [0, 0, 1, 4], "rotation": 270, "texture": "#3"},
				"down": {"uv": [0, 0, 1, 4], "rotation": 90, "texture": "#3"}
			}
		},
		{
			"from": [-0.5, 0, 6],
			"to": [2.5, 14, 10],
			"rotation": {"angle": 0, "axis": "y", "origin": [1, 0, 0]},
			"faces": {
				"north": {"uv": [0, 0, 3, 14], "texture": "#1"},
				"east": {"uv": [0, 0, 4, 14], "texture": "#1"},
				"south": {"uv": [0, 0, 3, 14], "texture": "#1"},
				"west": {"uv": [0, 0, 4, 14], "texture": "#1"},
				"up": {"uv": [6, 6, 9, 10], "texture": "#2"},
				"down": {"uv": [6, 6, 9, 10], "texture": "#2"}
			}
		},
		{
			"from": [13.5, 0, 6],
			"to": [16.5, 14, 10],
			"rotation": {"angle": 0, "axis": "y", "origin": [-1, 0, 0]},
			"faces": {
				"north": {"uv": [0, 0, 3, 14], "texture": "#1"},
				"east": {"uv": [0, 0, 4, 14], "texture": "#1"},
				"south": {"uv": [0, 0, 3, 14], "texture": "#1"},
				"west": {"uv": [0, 0, 4, 14], "texture": "#1"},
				"up": {"uv": [7, 6, 10, 10], "texture": "#2"},
				"down": {"uv": [7, 6, 10, 10], "texture": "#2"}
			}
		}
	],
	"groups": [
		{
			"name": "group",
			"origin": [0, 0, 0],
			"color": 0,
			"children": [
				{
					"name": "group",
					"origin": [-5, -1, 0],
					"color": 0,
					"children": [0, 1, 2, 3, 4, 5]
				}
			]
		},
		6,
		7
	]
}
