{
	"credit": "Mady by Ecorn",
	"parent": "minecraft:block/fence_side",
	"textures": {
		"1": "block/bamboo_stalk",
		"2": "block/jungle_log",
		"particle": "block/bamboo_stalk"
	},
	"elements": [
		{
			"from": [7, 0, 7],
			"to": [9, 14, 8],
			"faces": {
				"east": {"uv": [0, 0, 1, 14], "texture": "#1"},
				"south": {"uv": [0, 0, 2, 14], "texture": "#1"},
				"west": {"uv": [0, 0, 1, 14], "texture": "#1"},
				"up": {"uv": [13, 2, 15, 3], "texture": "#1"},
				"down": {"uv": [14, 0, 16, 1], "texture": "#1"}
			}
		},
		{
			"from": [7, 0, 9.75],
			"to": [9, 14, 11.75],
			"faces": {
				"north": {"uv": [0, 0, 2, 14], "texture": "#1"},
				"east": {"uv": [0, 0, 2, 14], "texture": "#1"},
				"south": {"uv": [0, 0, 2, 14], "texture": "#1"},
				"west": {"uv": [0, 0, 2, 14], "texture": "#1"},
				"up": {"uv": [14, 1, 16, 3], "texture": "#1"},
				"down": {"uv": [13, 0, 15, 2], "texture": "#1"}
			}
		},
		{
			"from": [7.5, 3.5, 8],
			"to": [8.5, 4.5, 9.75],
			"faces": {
				"east": {"uv": [0, 0, 1.75, 1], "texture": "#2"},
				"west": {"uv": [0, 0, 1.75, 1], "texture": "#2"},
				"up": {"uv": [0, 0, 1, 1.75], "texture": "#2"},
				"down": {"uv": [0, 0, 1, 1.75], "texture": "#2"}
			}
		},
		{
			"from": [7.5, 3.5, 11.75],
			"to": [8.5, 4.5, 13.5],
			"faces": {
				"east": {"uv": [0, 0, 1.75, 1], "texture": "#2"},
				"west": {"uv": [0, 0, 1.75, 1], "texture": "#2"},
				"up": {"uv": [0, 0, 1, 1.75], "texture": "#2"},
				"down": {"uv": [0, 0, 1, 1.75], "texture": "#2"}
			}
		},
		{
			"from": [7.5, 9.5, 11.75],
			"to": [8.5, 10.5, 13.5],
			"faces": {
				"east": {"uv": [10, 0, 11.75, 1], "texture": "#2"},
				"west": {"uv": [10, 0, 11.75, 1], "texture": "#2"},
				"up": {"uv": [10, 0, 11, 1.75], "texture": "#2"},
				"down": {"uv": [10, 0, 11, 1.75], "texture": "#2"}
			}
		},
		{
			"from": [7.5, 9.5, 8],
			"to": [8.5, 10.5, 9.75],
			"faces": {
				"east": {"uv": [1, 3, 2.75, 4], "texture": "#2"},
				"west": {"uv": [1, 3, 2.75, 4], "texture": "#2"},
				"up": {"uv": [1, 3, 2, 4.75], "texture": "#2"},
				"down": {"uv": [1, 3, 2, 4.75], "texture": "#2"}
			}
		},
		{
			"from": [7, 0, 6],
			"to": [9, 14, 7],
			"rotation": {"angle": 0, "axis": "y", "origin": [8, 7, 10.20833]},
			"faces": {
				"north": {"uv": [0, 0, 2, 14], "texture": "#1"},
				"east": {"uv": [0, 0, 1, 14], "texture": "#1"},
				"west": {"uv": [0, 0, 1, 14], "texture": "#1"},
				"up": {"uv": [13, 2, 15, 3], "rotation": 180, "texture": "#1"},
				"down": {"uv": [14, 0, 16, 1], "rotation": 180, "texture": "#1"}
			}
		},
		{
			"from": [7.5, 3.5, 4.25],
			"to": [8.5, 4.5, 6],
			"rotation": {"angle": 0, "axis": "y", "origin": [8, 7, 10.20833]},
			"faces": {
				"east": {"uv": [0, 0, 1.75, 1], "texture": "#2"},
				"west": {"uv": [0, 0, 1.75, 1], "texture": "#2"},
				"up": {"uv": [0, 0, 1, 1.75], "rotation": 180, "texture": "#2"},
				"down": {"uv": [0, 0, 1, 1.75], "rotation": 180, "texture": "#2"}
			}
		},
		{
			"from": [7.5, 3.5, 0.5],
			"to": [8.5, 4.5, 2.25],
			"rotation": {"angle": 0, "axis": "y", "origin": [8, 7, 10.20833]},
			"faces": {
				"east": {"uv": [0, 0, 1.75, 1], "texture": "#2"},
				"west": {"uv": [0, 0, 1.75, 1], "texture": "#2"},
				"up": {"uv": [0, 0, 1, 1.75], "rotation": 180, "texture": "#2"},
				"down": {"uv": [0, 0, 1, 1.75], "rotation": 180, "texture": "#2"}
			}
		},
		{
			"from": [7, 0, 2.25],
			"to": [9, 14, 4.25],
			"rotation": {"angle": 0, "axis": "y", "origin": [8, 7, 10.20833]},
			"faces": {
				"north": {"uv": [0, 0, 2, 14], "texture": "#1"},
				"east": {"uv": [0, 0, 2, 14], "texture": "#1"},
				"south": {"uv": [0, 0, 2, 14], "texture": "#1"},
				"west": {"uv": [0, 0, 2, 14], "texture": "#1"},
				"up": {"uv": [14, 1, 16, 3], "rotation": 180, "texture": "#1"},
				"down": {"uv": [13, 0, 15, 2], "rotation": 180, "texture": "#1"}
			}
		},
		{
			"from": [7.5, 9.5, 4.25],
			"to": [8.5, 10.5, 6],
			"rotation": {"angle": 0, "axis": "y", "origin": [8, 7, 10.20833]},
			"faces": {
				"east": {"uv": [1, 3, 2.75, 4], "texture": "#2"},
				"west": {"uv": [1, 3, 2.75, 4], "texture": "#2"},
				"up": {"uv": [1, 3, 2, 4.75], "rotation": 180, "texture": "#2"},
				"down": {"uv": [1, 3, 2, 4.75], "rotation": 180, "texture": "#2"}
			}
		},
		{
			"from": [7.5, 9.5, 0.5],
			"to": [8.5, 10.5, 2.25],
			"rotation": {"angle": 0, "axis": "y", "origin": [8, 7, 10.20833]},
			"faces": {
				"east": {"uv": [10, 0, 11.75, 1], "texture": "#2"},
				"west": {"uv": [10, 0, 11.75, 1], "texture": "#2"},
				"up": {"uv": [10, 0, 11, 1.75], "rotation": 180, "texture": "#2"},
				"down": {"uv": [10, 0, 11, 1.75], "rotation": 180, "texture": "#2"}
			}
		},
		{
			"from": [6.5, 0, 13.5],
			"to": [9.5, 16, 16.5],
			"faces": {
				"north": {"uv": [0, 0, 4, 16], "texture": "#2"},
				"east": {"uv": [12, 0, 16, 16], "texture": "#2"},
				"south": {"uv": [8, 0, 12, 16], "texture": "#2"},
				"west": {"uv": [4, 0, 8, 16], "texture": "#2"},
				"up": {"uv": [8, 10, 12, 14], "texture": "#2"},
				"down": {"uv": [4, 6, 8, 10], "texture": "#2"}
			}
		},
		{
			"from": [6.5, 0, -2.5],
			"to": [9.5, 16, 0.5],
			"faces": {
				"north": {"uv": [0, 0, 4, 16], "texture": "#2"},
				"east": {"uv": [12, 0, 16, 16], "texture": "#2"},
				"south": {"uv": [8, 0, 12, 16], "texture": "#2"},
				"west": {"uv": [4, 0, 8, 16], "texture": "#2"},
				"up": {"uv": [8, 10, 12, 14], "texture": "#2"},
				"down": {"uv": [4, 6, 8, 10], "texture": "#2"}
			}
		}
	],
	"display": {
		"thirdperson_righthand": {
			"rotation": [75, 30, 0],
			"translation": [0, 0.75, 0],
			"scale": [0.375, 0.375, 0.375]
		},
		"thirdperson_lefthand": {
			"rotation": [75, 30, 0],
			"translation": [0, 0.75, 0],
			"scale": [0.375, 0.375, 0.375]
		},
		"firstperson_righthand": {
			"rotation": [0, 35, 0],
			"scale": [0.5, 0.5, 0.5]
		},
		"firstperson_lefthand": {
			"rotation": [0, 35, 0],
			"scale": [0.5, 0.5, 0.5]
		},
		"ground": {
			"translation": [0, 3, 0],
			"scale": [0.5, 0.5, 0.5]
		},
		"gui": {
			"rotation": [30, 135, 0],
			"scale": [0.62, 0.62, 0.62]
		},
		"fixed": {
			"scale": [0.7, 0.7, 0.7]
		}
	}
}
