{
	"credit": "Mady by Ecorn",
	"parent": "minecraft:block/fence_side",
	"textures": {
		"1": "block/bamboo_stalk",
		"2": "block/jungle_log",
		"particle": "block/bamboo_stalk"
	},
	"elements": [
		{
			"from": [15, 0, 7],
			"to": [16, 14, 9],
			"faces": {
				"north": {"uv": [0, 0, 1, 14], "texture": "#1"},
				"east": {"uv": [0, 0, 2, 14], "texture": "#1"},
				"south": {"uv": [0, 0, 1, 14], "texture": "#1"},
				"up": {"uv": [13, 2, 15, 3], "rotation": 90, "texture": "#1"},
				"down": {"uv": [14, 0, 16, 1], "rotation": 270, "texture": "#1"}
			}
		},
		{
			"from": [0, 0, 7],
			"to": [1, 14, 9],
			"faces": {
				"north": {"uv": [0, 0, 1, 14], "texture": "#1"},
				"south": {"uv": [0, 0, 1, 14], "texture": "#1"},
				"west": {"uv": [0, 0, 2, 14], "texture": "#1"},
				"up": {"uv": [13, 2, 15, 3], "rotation": 270, "texture": "#1"},
				"down": {"uv": [14, 0, 16, 1], "rotation": 90, "texture": "#1"}
			}
		},
		{
			"from": [1, 0, 7],
			"to": [3, 16, 9],
			"faces": {
				"north": {"uv": [0, 0, 2, 16], "texture": "#2"},
				"east": {"uv": [0, 0, 2, 16], "texture": "#2"},
				"south": {"uv": [0, 0, 2, 16], "texture": "#2"},
				"west": {"uv": [0, 0, 2, 16], "texture": "#2"},
				"up": {"uv": [0, 0, 2, 2], "texture": "#2"},
				"down": {"uv": [0, 0, 2, 2], "texture": "#2"}
			}
		},
		{
			"from": [13, 0, 7],
			"to": [15, 16, 9],
			"faces": {
				"north": {"uv": [0, 0, 2, 16], "texture": "#2"},
				"east": {"uv": [0, 0, 2, 16], "texture": "#2"},
				"south": {"uv": [0, 0, 2, 16], "texture": "#2"},
				"west": {"uv": [0, 0, 2, 16], "texture": "#2"},
				"up": {"uv": [0, 0, 2, 2], "texture": "#2"},
				"down": {"uv": [0, 0, 2, 2], "texture": "#2"}
			}
		},
		{
			"from": [1, 10, 9],
			"to": [3, 12, 14],
			"faces": {
				"east": {"uv": [1, 4, 6, 6], "texture": "#2"},
				"south": {"uv": [1, 4, 3, 6], "texture": "#2"},
				"west": {"uv": [1, 4, 6, 6], "texture": "#2"},
				"up": {"uv": [1, 4, 6, 6], "rotation": 90, "texture": "#2"},
				"down": {"uv": [1, 4, 6, 6], "rotation": 270, "texture": "#2"}
			}
		},
		{
			"from": [13, 10, 9],
			"to": [15, 12, 14],
			"faces": {
				"east": {"uv": [11, 14, 16, 16], "texture": "#2"},
				"south": {"uv": [11, 14, 13, 16], "texture": "#2"},
				"west": {"uv": [11, 14, 16, 16], "texture": "#2"},
				"up": {"uv": [11, 14, 16, 16], "rotation": 270, "texture": "#2"},
				"down": {"uv": [11, 14, 16, 16], "rotation": 90, "texture": "#2"}
			}
		},
		{
			"from": [13, 3, 9],
			"to": [15, 5, 14],
			"faces": {
				"east": {"uv": [6, 0, 11, 2], "texture": "#2"},
				"south": {"uv": [6, 0, 8, 2], "texture": "#2"},
				"west": {"uv": [6, 0, 11, 2], "texture": "#2"},
				"up": {"uv": [6, 0, 11, 2], "rotation": 270, "texture": "#2"},
				"down": {"uv": [6, 0, 11, 2], "rotation": 90, "texture": "#2"}
			}
		},
		{
			"from": [1, 3, 9],
			"to": [3, 5, 14],
			"faces": {
				"east": {"uv": [1, 4, 6, 6], "texture": "#2"},
				"south": {"uv": [1, 4, 3, 6], "texture": "#2"},
				"west": {"uv": [1, 4, 6, 6], "texture": "#2"},
				"up": {"uv": [1, 4, 6, 6], "rotation": 90, "texture": "#2"},
				"down": {"uv": [1, 4, 6, 6], "rotation": 270, "texture": "#2"}
			}
		},
		{
			"from": [13, 5, 12],
			"to": [15, 10, 14],
			"faces": {
				"north": {"uv": [1, 3, 3, 8], "texture": "#2"},
				"east": {"uv": [1, 3, 3, 8], "texture": "#2"},
				"south": {"uv": [1, 3, 3, 8], "texture": "#2"},
				"west": {"uv": [1, 3, 3, 8], "texture": "#2"}
			}
		},
		{
			"from": [1, 5, 12],
			"to": [3, 10, 14],
			"faces": {
				"north": {"uv": [3, 3, 5, 8], "texture": "#2"},
				"east": {"uv": [3, 3, 5, 8], "texture": "#2"},
				"south": {"uv": [3, 3, 5, 8], "texture": "#2"},
				"west": {"uv": [3, 3, 5, 8], "texture": "#2"}
			}
		}
	],
	"display": {
		"thirdperson_righthand": {
			"rotation": [75, 30, 0],
			"translation": [0, 0.75, 0],
			"scale": [0.375, 0.375, 0.375]
		},
		"thirdperson_lefthand": {
			"rotation": [75, 30, 0],
			"translation": [0, 0.75, 0],
			"scale": [0.375, 0.375, 0.375]
		},
		"firstperson_righthand": {
			"rotation": [0, -60, 0],
			"scale": [0.5, 0.5, 0.5]
		},
		"firstperson_lefthand": {
			"rotation": [0, -60, 0],
			"scale": [0.5, 0.5, 0.5]
		},
		"ground": {
			"translation": [0, 3, 0],
			"scale": [0.5, 0.5, 0.5]
		},
		"gui": {
			"rotation": [30, 225, 0],
			"translation": [0, 0.5, 0],
			"scale": [0.7, 0.7, 0.7]
		},
		"fixed": {
			"scale": [0.7, 0.7, 0.7]
		}
	}
}
