{
	"credit": "Mady by Ecorn",
	"parent": "minecraft:block/template_fence_gate_open",
	"textures": {
		"1": "block/stripped_mangrove_log",
		"particle": "block/stripped_mangrove_log"
	},
	"elements": [
		{
			"from": [14, 3.5, 7],
			"to": [16, 5.5, 13],
			"rotation": {"angle": 0, "axis": "y", "origin": [15, 8.75, 13]},
			"faces": {
				"north": {"uv": [6, 5, 8, 7], "texture": "#1"},
				"east": {"uv": [6, 5, 12, 7], "texture": "#1"},
				"west": {"uv": [6, 5, 12, 7], "texture": "#1"},
				"up": {"uv": [6, 5, 8, 11], "texture": "#1"},
				"down": {"uv": [6, 5, 8, 11], "texture": "#1"}
			}
		},
		{
			"from": [14, 7.75, 7],
			"to": [16, 9.75, 13],
			"rotation": {"angle": 0, "axis": "y", "origin": [15, 8.75, 13]},
			"faces": {
				"north": {"uv": [2, 9, 4, 11], "texture": "#1"},
				"east": {"uv": [2, 9, 8, 11], "texture": "#1"},
				"west": {"uv": [2, 9, 8, 11], "texture": "#1"},
				"up": {"uv": [2, 15, 4, 9], "texture": "#1"},
				"down": {"uv": [2, 9, 4, 15], "texture": "#1"}
			}
		},
		{
			"from": [14, 12, 7],
			"to": [16, 14, 13],
			"rotation": {"angle": 0, "axis": "y", "origin": [15, 8.75, 13]},
			"faces": {
				"north": {"uv": [0, 0, 2, 2], "texture": "#1"},
				"east": {"uv": [0, 0, 6, 2], "texture": "#1"},
				"west": {"uv": [0, 0, 6, 2], "texture": "#1"},
				"up": {"uv": [0, 0, 2, 6], "texture": "#1"},
				"down": {"uv": [0, 0, 2, 6], "texture": "#1"}
			}
		},
		{
			"from": [14.5, 9.45711, 11.45711],
			"to": [15.5, 15.45711, 13.45711],
			"rotation": {"angle": -45, "axis": "x", "origin": [15, 8.75, 13]},
			"faces": {
				"north": {"uv": [8, 9, 14, 10], "rotation": 270, "texture": "#1"},
				"east": {"uv": [8, 9, 14, 11], "rotation": 90, "texture": "#1"},
				"south": {"uv": [14, 9, 8, 10], "rotation": 270, "texture": "#1"},
				"west": {"uv": [8, 9, 14, 11], "rotation": 270, "texture": "#1"}
			}
		},
		{
			"from": [14.5, 2.03249, 11.48223],
			"to": [15.5, 8.03249, 13.48223],
			"rotation": {"angle": 45, "axis": "x", "origin": [15, 8.75, 13]},
			"faces": {
				"north": {"uv": [7, 13, 1, 14], "rotation": 270, "texture": "#1"},
				"east": {"uv": [1, 13, 7, 15], "rotation": 90, "texture": "#1"},
				"south": {"uv": [1, 14, 7, 15], "rotation": 270, "texture": "#1"},
				"west": {"uv": [1, 13, 7, 15], "rotation": 270, "texture": "#1"}
			}
		},
		{
			"from": [14, 3.5, 13],
			"to": [16, 14, 15],
			"rotation": {"angle": 0, "axis": "y", "origin": [15, 8.75, 13]},
			"faces": {
				"north": {"uv": [6, 1, 8, 11.5], "texture": "#1"},
				"east": {"uv": [6, 1, 8, 11.5], "texture": "#1"},
				"south": {"uv": [6, 1, 8, 11.5], "texture": "#1"},
				"west": {"uv": [6, 1, 8, 11.5], "texture": "#1"},
				"up": {"uv": [6, 1, 8, 3], "rotation": 270, "texture": "#1"},
				"down": {"uv": [6, 1, 8, 3], "rotation": 90, "texture": "#1"}
			}
		},
		{
			"from": [0, 3.5, 7],
			"to": [2, 5.5, 13],
			"rotation": {"angle": 0, "axis": "y", "origin": [1, 8.75, 13]},
			"faces": {
				"north": {"uv": [6, 5, 8, 7], "texture": "#1"},
				"east": {"uv": [6, 5, 12, 7], "texture": "#1"},
				"west": {"uv": [6, 5, 12, 7], "texture": "#1"},
				"up": {"uv": [6, 5, 8, 11], "texture": "#1"},
				"down": {"uv": [6, 5, 8, 11], "texture": "#1"}
			}
		},
		{
			"from": [0, 7.75, 7],
			"to": [2, 9.75, 13],
			"rotation": {"angle": 0, "axis": "y", "origin": [1, 8.75, 13]},
			"faces": {
				"north": {"uv": [2, 9, 4, 11], "texture": "#1"},
				"east": {"uv": [2, 9, 8, 11], "texture": "#1"},
				"west": {"uv": [2, 9, 8, 11], "texture": "#1"},
				"up": {"uv": [2, 15, 4, 9], "texture": "#1"},
				"down": {"uv": [2, 9, 4, 15], "texture": "#1"}
			}
		},
		{
			"from": [0, 12, 7],
			"to": [2, 14, 13],
			"rotation": {"angle": 0, "axis": "y", "origin": [1, 8.75, 13]},
			"faces": {
				"north": {"uv": [0, 0, 2, 2], "texture": "#1"},
				"east": {"uv": [0, 0, 6, 2], "texture": "#1"},
				"west": {"uv": [0, 0, 6, 2], "texture": "#1"},
				"up": {"uv": [0, 0, 2, 6], "texture": "#1"},
				"down": {"uv": [0, 0, 2, 6], "texture": "#1"}
			}
		},
		{
			"from": [0.5, 9.45711, 11.45711],
			"to": [1.5, 15.45711, 13.45711],
			"rotation": {"angle": -45, "axis": "x", "origin": [1, 8.75, 13]},
			"faces": {
				"north": {"uv": [8, 9, 14, 10], "rotation": 270, "texture": "#1"},
				"east": {"uv": [8, 9, 14, 11], "rotation": 90, "texture": "#1"},
				"south": {"uv": [14, 9, 8, 10], "rotation": 270, "texture": "#1"},
				"west": {"uv": [8, 9, 14, 11], "rotation": 270, "texture": "#1"}
			}
		},
		{
			"from": [0.5, 2.03249, 11.48223],
			"to": [1.5, 8.03249, 13.48223],
			"rotation": {"angle": 45, "axis": "x", "origin": [1, 8.75, 13]},
			"faces": {
				"north": {"uv": [7, 13, 1, 14], "rotation": 270, "texture": "#1"},
				"east": {"uv": [1, 13, 7, 15], "rotation": 90, "texture": "#1"},
				"south": {"uv": [1, 14, 7, 15], "rotation": 270, "texture": "#1"},
				"west": {"uv": [1, 13, 7, 15], "rotation": 270, "texture": "#1"}
			}
		},
		{
			"from": [0, 3.5, 13],
			"to": [2, 14, 15],
			"rotation": {"angle": 0, "axis": "y", "origin": [1, 8.75, 13]},
			"faces": {
				"north": {"uv": [6, 1, 8, 11.5], "texture": "#1"},
				"east": {"uv": [6, 1, 8, 11.5], "texture": "#1"},
				"south": {"uv": [6, 1, 8, 11.5], "texture": "#1"},
				"west": {"uv": [6, 1, 8, 11.5], "texture": "#1"},
				"up": {"uv": [6, 1, 8, 3], "rotation": 270, "texture": "#1"},
				"down": {"uv": [6, 1, 8, 3], "rotation": 90, "texture": "#1"}
			}
		}
	]
}
