{
	"credit": "Mady by Ecorn",
	"parent": "minecraft:block/template_fence_gate",
	"textures": {
		"1": "block/stripped_mangrove_log",
		"particle": "block/stripped_mangrove_log"
	},
	"elements": [
		{
			"from": [10, 3.5, 7],
			"to": [16, 5.5, 9],
			"rotation": {"angle": 0, "axis": "y", "origin": [10, 8.75, 8]},
			"faces": {
				"north": {"uv": [6, 5, 12, 7], "texture": "#1"},
				"east": {"uv": [6, 5, 8, 7], "texture": "#1"},
				"south": {"uv": [6, 5, 12, 7], "texture": "#1"},
				"up": {"uv": [6, 5, 8, 11], "rotation": 90, "texture": "#1"},
				"down": {"uv": [6, 5, 8, 11], "rotation": 270, "texture": "#1"}
			}
		},
		{
			"from": [10, 7.75, 7],
			"to": [16, 9.75, 9],
			"rotation": {"angle": 0, "axis": "y", "origin": [10, 8.75, 8]},
			"faces": {
				"north": {"uv": [2, 9, 8, 11], "texture": "#1"},
				"east": {"uv": [2, 9, 4, 11], "texture": "#1"},
				"south": {"uv": [2, 9, 8, 11], "texture": "#1"},
				"up": {"uv": [2, 15, 4, 9], "rotation": 90, "texture": "#1"},
				"down": {"uv": [2, 9, 4, 15], "rotation": 270, "texture": "#1"}
			}
		},
		{
			"from": [10, 12, 7],
			"to": [16, 14, 9],
			"rotation": {"angle": 0, "axis": "y", "origin": [10, 8.75, 8]},
			"faces": {
				"north": {"uv": [0, 0, 6, 2], "texture": "#1"},
				"east": {"uv": [0, 0, 2, 2], "texture": "#1"},
				"south": {"uv": [0, 0, 6, 2], "texture": "#1"},
				"up": {"uv": [0, 0, 2, 6], "rotation": 90, "texture": "#1"},
				"down": {"uv": [0, 0, 2, 6], "rotation": 270, "texture": "#1"}
			}
		},
		{
			"from": [9.54289, 9.45711, 7.5],
			"to": [11.54289, 15.45711, 8.5],
			"rotation": {"angle": -45, "axis": "z", "origin": [10, 8.75, 8]},
			"faces": {
				"north": {"uv": [8, 9, 14, 11], "rotation": 270, "texture": "#1"},
				"east": {"uv": [8, 9, 14, 10], "rotation": 270, "texture": "#1"},
				"south": {"uv": [8, 9, 14, 11], "rotation": 90, "texture": "#1"},
				"west": {"uv": [14, 9, 8, 10], "rotation": 270, "texture": "#1"}
			}
		},
		{
			"from": [9.51777, 2.03249, 7.5],
			"to": [11.51777, 8.03249, 8.5],
			"rotation": {"angle": 45, "axis": "z", "origin": [10, 8.75, 8]},
			"faces": {
				"north": {"uv": [1, 13, 7, 15], "rotation": 270, "texture": "#1"},
				"east": {"uv": [7, 13, 1, 14], "rotation": 270, "texture": "#1"},
				"south": {"uv": [1, 13, 7, 15], "rotation": 90, "texture": "#1"},
				"west": {"uv": [1, 14, 7, 15], "rotation": 270, "texture": "#1"}
			}
		},
		{
			"from": [0, 3.5, 7],
			"to": [6, 5.5, 9],
			"rotation": {"angle": 0, "axis": "y", "origin": [6, 8.75, 8]},
			"faces": {
				"north": {"uv": [6, 5, 12, 7], "texture": "#1"},
				"south": {"uv": [6, 5, 12, 7], "texture": "#1"},
				"west": {"uv": [6, 5, 8, 7], "texture": "#1"},
				"up": {"uv": [6, 5, 8, 11], "rotation": 270, "texture": "#1"},
				"down": {"uv": [6, 5, 8, 11], "rotation": 90, "texture": "#1"}
			}
		},
		{
			"from": [0, 7.75, 7],
			"to": [6, 9.75, 9],
			"rotation": {"angle": 0, "axis": "y", "origin": [6, 8.75, 8]},
			"faces": {
				"north": {"uv": [2, 9, 8, 11], "texture": "#1"},
				"south": {"uv": [2, 9, 8, 11], "texture": "#1"},
				"west": {"uv": [2, 9, 4, 11], "texture": "#1"},
				"up": {"uv": [2, 15, 4, 9], "rotation": 270, "texture": "#1"},
				"down": {"uv": [2, 9, 4, 15], "rotation": 90, "texture": "#1"}
			}
		},
		{
			"from": [0, 12, 7],
			"to": [6, 14, 9],
			"rotation": {"angle": 0, "axis": "y", "origin": [6, 8.75, 8]},
			"faces": {
				"north": {"uv": [0, 0, 6, 2], "texture": "#1"},
				"south": {"uv": [0, 0, 6, 2], "texture": "#1"},
				"west": {"uv": [0, 0, 2, 2], "texture": "#1"},
				"up": {"uv": [0, 0, 2, 6], "rotation": 270, "texture": "#1"},
				"down": {"uv": [0, 0, 2, 6], "rotation": 90, "texture": "#1"}
			}
		},
		{
			"from": [-0.70711, 7.20711, 7.5],
			"to": [5.29289, 9.20711, 8.5],
			"rotation": {"angle": -45, "axis": "z", "origin": [6, 8.75, 8]},
			"faces": {
				"north": {"uv": [8, 9, 14, 11], "rotation": 180, "texture": "#1"},
				"south": {"uv": [8, 9, 14, 11], "rotation": 180, "texture": "#1"},
				"up": {"uv": [14, 9, 8, 10], "rotation": 180, "texture": "#1"},
				"down": {"uv": [8, 9, 14, 10], "rotation": 180, "texture": "#1"}
			}
		},
		{
			"from": [4.48223, 2.03249, 7.5],
			"to": [6.48223, 8.03249, 8.5],
			"rotation": {"angle": -45, "axis": "z", "origin": [6, 8.75, 8]},
			"faces": {
				"north": {"uv": [1, 13, 7, 15], "rotation": 90, "texture": "#1"},
				"east": {"uv": [1, 14, 7, 15], "rotation": 270, "texture": "#1"},
				"south": {"uv": [1, 13, 7, 15], "rotation": 270, "texture": "#1"},
				"west": {"uv": [7, 13, 1, 14], "rotation": 270, "texture": "#1"}
			}
		},
		{
			"from": [6, 0, 7],
			"to": [8, 14, 9],
			"faces": {
				"north": {"uv": [4, 1, 6, 15], "texture": "#1"},
				"south": {"uv": [4, 1, 6, 15], "texture": "#1"},
				"west": {"uv": [4, 1, 6, 15], "texture": "#1"},
				"up": {"uv": [6, 1, 8, 3], "texture": "#1"},
				"down": {"uv": [6, 1, 8, 3], "texture": "#1"}
			}
		},
		{
			"from": [8, 0, 7],
			"to": [10, 14, 9],
			"faces": {
				"north": {"uv": [6, 1, 8, 15], "texture": "#1"},
				"east": {"uv": [6, 1, 8, 15], "texture": "#1"},
				"south": {"uv": [6, 1, 8, 15], "texture": "#1"},
				"up": {"uv": [6, 1, 8, 3], "texture": "#1"},
				"down": {"uv": [6, 1, 8, 3], "texture": "#1"}
			}
		}
	],
	"display": {
		"thirdperson_righthand": {
			"rotation": [75, 30, 0],
			"translation": [0, 0.75, 0],
			"scale": [0.375, 0.375, 0.375]
		},
		"thirdperson_lefthand": {
			"rotation": [75, 30, 0],
			"translation": [0, 0.75, 0],
			"scale": [0.375, 0.375, 0.375]
		},
		"firstperson_righthand": {
			"rotation": [0, -60, 0],
			"scale": [0.5, 0.5, 0.5]
		},
		"firstperson_lefthand": {
			"rotation": [0, -60, 0],
			"scale": [0.5, 0.5, 0.5]
		},
		"ground": {
			"translation": [0, 3, 0],
			"scale": [0.5, 0.5, 0.5]
		},
		"gui": {
			"rotation": [30, 225, 0],
			"translation": [0, 0.5, 0],
			"scale": [0.7, 0.7, 0.7]
		},
		"head": {
			"rotation": [0, 180, 0],
			"translation": [0, 13, 7]
		},
		"fixed": {
			"scale": [0.7, 0.7, 0.7]
		}
	}
}
