{
	"credit": "Mady by Ecorn",
	"parent": "minecraft:block/fence_post",
	"textures": {
		"3": "block/mangrove_log",
		"4": "block/mangrove_log_top",
		"5": "block/stripped_mangrove_log",
		"particle": "block/stripped_mangrove_log"
	},
	"elements": [
		{
			"from": [6, 0, 14],
			"to": [10, 16, 18],
			"faces": {
				"north": {"uv": [0, 0, 4, 16], "texture": "#3"},
				"east": {"uv": [12, 0, 16, 16], "texture": "#3"},
				"south": {"uv": [8, 0, 12, 16], "texture": "#3"},
				"west": {"uv": [4, 0, 8, 16], "texture": "#3"},
				"up": {"uv": [6, 6, 10, 10], "texture": "#4"},
				"down": {"uv": [6, 6, 10, 10], "texture": "#4"}
			}
		},
		{
			"from": [6, 0, -2],
			"to": [10, 16, 2],
			"faces": {
				"north": {"uv": [8, 0, 12, 16], "texture": "#3"},
				"east": {"uv": [4, 0, 8, 16], "texture": "#3"},
				"south": {"uv": [0, 0, 4, 16], "texture": "#3"},
				"west": {"uv": [12, 0, 16, 16], "texture": "#3"},
				"up": {"uv": [6, 6, 10, 10], "rotation": 180, "texture": "#4"},
				"down": {"uv": [6, 6, 10, 10], "rotation": 180, "texture": "#4"}
			}
		},
		{
			"from": [7, 3.5, 2],
			"to": [9, 5.5, 8],
			"rotation": {"angle": 0, "axis": "y", "origin": [0, 0, 2]},
			"faces": {
				"east": {"uv": [6, 5, 12, 7], "texture": "#5"},
				"west": {"uv": [6, 5, 12, 7], "texture": "#5"},
				"up": {"uv": [6, 5, 8, 11], "texture": "#5"},
				"down": {"uv": [6, 5, 8, 11], "texture": "#5"}
			}
		},
		{
			"from": [7, 7.75, 2],
			"to": [9, 9.75, 8],
			"rotation": {"angle": 0, "axis": "y", "origin": [0, 0, 2]},
			"faces": {
				"east": {"uv": [2, 9, 8, 11], "texture": "#5"},
				"west": {"uv": [2, 9, 8, 11], "texture": "#5"},
				"up": {"uv": [2, 15, 4, 9], "texture": "#5"},
				"down": {"uv": [2, 9, 4, 15], "texture": "#5"}
			}
		},
		{
			"from": [7, 12, 2],
			"to": [9, 14, 8],
			"rotation": {"angle": 0, "axis": "y", "origin": [0, 0, 2]},
			"faces": {
				"east": {"uv": [0, 0, 6, 2], "texture": "#5"},
				"west": {"uv": [0, 0, 6, 2], "texture": "#5"},
				"up": {"uv": [0, 0, 2, 6], "texture": "#5"},
				"down": {"uv": [0, 0, 2, 6], "texture": "#5"}
			}
		},
		{
			"from": [7.5, 9.75, 5.75],
			"to": [8.5, 15.75, 7.75],
			"rotation": {"angle": -45, "axis": "x", "origin": [8, 9.75, 8]},
			"faces": {
				"north": {"uv": [8, 9, 14, 10], "rotation": 270, "texture": "#5"},
				"east": {"uv": [8, 9, 14, 11], "rotation": 90, "texture": "#5"},
				"south": {"uv": [14, 9, 8, 10], "rotation": 270, "texture": "#5"},
				"west": {"uv": [8, 9, 14, 11], "rotation": 270, "texture": "#5"}
			}
		},
		{
			"from": [7.5, 5.25, 2.25],
			"to": [8.5, 11.25, 4.25],
			"rotation": {"angle": 45, "axis": "x", "origin": [8, 5.25, 2]},
			"faces": {
				"north": {"uv": [7, 13, 1, 14], "rotation": 270, "texture": "#5"},
				"east": {"uv": [1, 13, 7, 15], "rotation": 90, "texture": "#5"},
				"south": {"uv": [1, 14, 7, 15], "rotation": 270, "texture": "#5"},
				"west": {"uv": [1, 13, 7, 15], "rotation": 270, "texture": "#5"}
			}
		},
		{
			"from": [7, 3.5, 8],
			"to": [9, 5.5, 14],
			"rotation": {"angle": 0, "axis": "y", "origin": [8, 8.75, 11]},
			"faces": {
				"east": {"uv": [6, 5, 12, 7], "texture": "#5"},
				"west": {"uv": [6, 5, 12, 7], "texture": "#5"},
				"up": {"uv": [6, 5, 8, 11], "rotation": 180, "texture": "#5"},
				"down": {"uv": [6, 5, 8, 11], "rotation": 180, "texture": "#5"}
			}
		},
		{
			"from": [7, 7.75, 8],
			"to": [9, 9.75, 14],
			"rotation": {"angle": 0, "axis": "y", "origin": [8, 8.75, 11]},
			"faces": {
				"east": {"uv": [2, 9, 8, 11], "texture": "#5"},
				"west": {"uv": [2, 9, 8, 11], "texture": "#5"},
				"up": {"uv": [2, 15, 4, 9], "rotation": 180, "texture": "#5"},
				"down": {"uv": [2, 9, 4, 15], "rotation": 180, "texture": "#5"}
			}
		},
		{
			"from": [7, 12, 8],
			"to": [9, 14, 14],
			"rotation": {"angle": 0, "axis": "y", "origin": [8, 8.75, 11]},
			"faces": {
				"east": {"uv": [0, 0, 6, 2], "texture": "#5"},
				"west": {"uv": [0, 0, 6, 2], "texture": "#5"},
				"up": {"uv": [0, 0, 2, 6], "rotation": 180, "texture": "#5"},
				"down": {"uv": [0, 0, 2, 6], "rotation": 180, "texture": "#5"}
			}
		},
		{
			"from": [7.5, 7.33579, 8.42157],
			"to": [8.5, 13.33579, 10.42157],
			"rotation": {"angle": 45, "axis": "x", "origin": [8, 8.75, 11]},
			"faces": {
				"north": {"uv": [14, 9, 8, 10], "rotation": 270, "texture": "#5"},
				"east": {"uv": [8, 9, 14, 11], "rotation": 270, "texture": "#5"},
				"south": {"uv": [8, 9, 14, 10], "rotation": 270, "texture": "#5"},
				"west": {"uv": [8, 9, 14, 11], "rotation": 90, "texture": "#5"}
			}
		},
		{
			"from": [7.5, 4.15381, 8.39645],
			"to": [8.5, 10.15381, 10.39645],
			"rotation": {"angle": -45, "axis": "x", "origin": [8, 8.75, 11]},
			"faces": {
				"north": {"uv": [1, 14, 7, 15], "rotation": 270, "texture": "#5"},
				"east": {"uv": [1, 13, 7, 15], "rotation": 270, "texture": "#5"},
				"south": {"uv": [7, 13, 1, 14], "rotation": 270, "texture": "#5"},
				"west": {"uv": [1, 13, 7, 15], "rotation": 90, "texture": "#5"}
			}
		}
	],
	"display": {
		"thirdperson_righthand": {
			"rotation": [75, 30, 0],
			"translation": [0, 0.75, 0],
			"scale": [0.375, 0.375, 0.375]
		},
		"thirdperson_lefthand": {
			"rotation": [75, 30, 0],
			"translation": [0, 0.75, 0],
			"scale": [0.375, 0.375, 0.375]
		},
		"firstperson_righthand": {
			"rotation": [0, 35, 0],
			"scale": [0.5, 0.5, 0.5]
		},
		"firstperson_lefthand": {
			"rotation": [0, 35, 0],
			"scale": [0.5, 0.5, 0.5]
		},
		"ground": {
			"translation": [0, 3, 0],
			"scale": [0.5, 0.5, 0.5]
		},
		"gui": {
			"rotation": [30, 135, 0],
			"scale": [0.62, 0.62, 0.62]
		},
		"fixed": {
			"scale": [0.7, 0.7, 0.7]
		}
	},
	"groups": [
		0,
		1,
		{
			"name": "group",
			"origin": [8, 5.25, 2],
			"color": 0,
			"children": [2, 3, 4, 5, 6]
		},
		{
			"name": "group",
			"origin": [8, 5.25, 2],
			"color": 0,
			"children": [7, 8, 9, 10, 11]
		}
	]
}
