{
	"credit": "Mady by Ecorn",
	"parent": "minecraft:block/fence_side",
	"textures": {
		"2": "block/stripped_mangrove_log",
		"particle": "block/stripped_mangrove_log"
	},
	"elements": [
		{
			"from": [7.5, 5.25, 0.25],
			"to": [8.5, 11.25, 2.25],
			"rotation": {"angle": 45, "axis": "x", "origin": [8, 5.25, 0]},
			"faces": {
				"north": {"uv": [7, 13, 1, 14], "rotation": 270, "texture": "#2"},
				"east": {"uv": [1, 13, 7, 15], "rotation": 90, "texture": "#2"},
				"south": {"uv": [1, 14, 7, 15], "rotation": 270, "texture": "#2"},
				"west": {"uv": [1, 13, 7, 15], "rotation": 270, "texture": "#2"}
			}
		},
		{
			"from": [7.5, 9.75, 3.75],
			"to": [8.5, 15.75, 5.75],
			"rotation": {"angle": -45, "axis": "x", "origin": [8, 9.75, 6]},
			"faces": {
				"north": {"uv": [8, 9, 14, 10], "rotation": 270, "texture": "#2"},
				"east": {"uv": [8, 9, 14, 11], "rotation": 90, "texture": "#2"},
				"south": {"uv": [14, 9, 8, 10], "rotation": 270, "texture": "#2"},
				"west": {"uv": [8, 9, 14, 11], "rotation": 270, "texture": "#2"}
			}
		},
		{
			"from": [7, 3.5, 0],
			"to": [9, 5.5, 6],
			"faces": {
				"north": {"uv": [6, 5, 8, 7], "texture": "#2"},
				"east": {"uv": [6, 5, 12, 7], "texture": "#2"},
				"south": {"uv": [6, 5, 8, 7], "texture": "#2"},
				"west": {"uv": [6, 5, 12, 7], "texture": "#2"},
				"up": {"uv": [6, 5, 8, 11], "texture": "#2"},
				"down": {"uv": [6, 5, 8, 11], "texture": "#2"}
			}
		},
		{
			"from": [7, 7.75, 0],
			"to": [9, 9.75, 6],
			"faces": {
				"north": {"uv": [2, 9, 4, 11], "texture": "#2"},
				"east": {"uv": [2, 9, 8, 11], "texture": "#2"},
				"south": {"uv": [2, 9, 4, 11], "texture": "#2"},
				"west": {"uv": [2, 9, 8, 11], "texture": "#2"},
				"up": {"uv": [2, 15, 4, 9], "texture": "#2"},
				"down": {"uv": [2, 9, 4, 15], "texture": "#2"}
			}
		},
		{
			"from": [7, 12, 0],
			"to": [9, 14, 6],
			"faces": {
				"north": {"uv": [0, 0, 2, 2], "texture": "#2"},
				"east": {"uv": [0, 0, 6, 2], "texture": "#2"},
				"south": {"uv": [0, 0, 2, 2], "texture": "#2"},
				"west": {"uv": [0, 0, 6, 2], "texture": "#2"},
				"up": {"uv": [0, 0, 2, 6], "texture": "#2"},
				"down": {"uv": [0, 0, 2, 6], "texture": "#2"}
			}
		}
	],
	"groups": [
		{
			"name": "group",
			"origin": [8, 5.25, 0],
			"color": 0,
			"children": [0]
		},
		{
			"name": "group",
			"origin": [8, 9.75, 6],
			"color": 0,
			"children": [1]
		},
		2,
		3,
		4
	]
}
