{
	"credit": "Mady by Ecorn",
	"parent": "minecraft:block/template_wall_side",
	"textures": {
		"wall": "block/nether_bricks"
	},
	"elements": [
		{
			"from": [6.5, 0, 6.02419],
			"to": [9.5, 2, 8.02419],
			"rotation": {"angle": 0, "axis": "y", "origin": [8, 7.94355, 12.0121]},
			"faces": {
				"north": {"uv": [8, 1, 11, 3], "texture": "#wall"},
				"east": {"uv": [4, 5, 6, 7], "texture": "#wall"},
				"west": {"uv": [0, 13, 2, 15], "texture": "#wall"},
				"up": {"uv": [11, 4, 14, 6], "rotation": 180, "texture": "#wall"},
				"down": {"uv": [12, 12, 15, 14], "rotation": 180, "texture": "#wall"}
			}
		},
		{
			"from": [6.5, 5, 6.02419],
			"to": [9.5, 7, 8.02419],
			"rotation": {"angle": 0, "axis": "y", "origin": [8, 7.94355, 12.0121]},
			"faces": {
				"north": {"uv": [8, 13, 11, 15], "texture": "#wall"},
				"east": {"uv": [0, 13, 2, 15], "texture": "#wall"},
				"west": {"uv": [8, 1, 10, 3], "texture": "#wall"},
				"up": {"uv": [11, 4, 14, 6], "rotation": 180, "texture": "#wall"},
				"down": {"uv": [12, 12, 15, 14], "rotation": 180, "texture": "#wall"}
			}
		},
		{
			"from": [6.5, 2.5, 2.02419],
			"to": [9.5, 4.5, 3.27419],
			"rotation": {"angle": 0, "axis": "y", "origin": [8, 7.94355, 12.0121]},
			"faces": {
				"east": {"uv": [12, 9, 14, 11], "texture": "#wall"},
				"south": {"uv": [1, 5, 4, 7], "texture": "#wall"},
				"west": {"uv": [8, 9, 10, 11], "texture": "#wall"},
				"up": {"uv": [11, 4, 14, 6], "rotation": 180, "texture": "#wall"},
				"down": {"uv": [12, 12, 15, 14], "rotation": 180, "texture": "#wall"}
			}
		},
		{
			"from": [6.75, 1, 2.02419],
			"to": [9.25, 15.75, 8.02419],
			"rotation": {"angle": 0, "axis": "y", "origin": [8, 7.94355, 12.0121]},
			"faces": {
				"east": {"uv": [0, 0, 6, 1], "texture": "#wall"},
				"west": {"uv": [0, 0, 6, 1], "texture": "#wall"},
				"up": {"uv": [0, 0, 2, 1], "rotation": 180, "texture": "#wall"}
			}
		},
		{
			"from": [6.75, 0, 5.52419],
			"to": [9.25, 1, 6.02419],
			"rotation": {"angle": 0, "axis": "y", "origin": [8, 7.94355, 12.0121]},
			"faces": {
				"east": {"uv": [0, 0, 6, 1], "texture": "#wall"},
				"west": {"uv": [0, 0, 6, 1], "texture": "#wall"},
				"down": {"uv": [0, 0, 2, 1], "rotation": 180, "texture": "#wall"}
			}
		},
		{
			"from": [6.75, 2, 1.52419],
			"to": [9.25, 2.5, 2.02419],
			"rotation": {"angle": 0, "axis": "y", "origin": [8, 7.94355, 12.0121]},
			"faces": {
				"east": {"uv": [0, 0, 6, 1], "texture": "#wall"},
				"west": {"uv": [0, 0, 6, 1], "texture": "#wall"}
			}
		},
		{
			"from": [6.5, 2.5, 3.77419],
			"to": [9.5, 4.5, 7.77419],
			"rotation": {"angle": 0, "axis": "y", "origin": [8, 7.94355, 12.0121]},
			"faces": {
				"north": {"uv": [8, 1, 12, 4], "texture": "#wall"},
				"east": {"uv": [4, 5, 8, 7], "texture": "#wall"},
				"south": {"uv": [8, 13, 12, 16], "texture": "#wall"},
				"west": {"uv": [0, 13, 4, 16], "texture": "#wall"},
				"up": {"uv": [11, 4, 15, 8], "rotation": 180, "texture": "#wall"},
				"down": {"uv": [12, 12, 16, 16], "rotation": 180, "texture": "#wall"}
			}
		},
		{
			"from": [6.5, 7.5, 2.02419],
			"to": [9.5, 9.5, 3.27419],
			"rotation": {"angle": 0, "axis": "y", "origin": [8, 7.94355, 12.0121]},
			"faces": {
				"east": {"uv": [2, 13, 3.25, 15], "texture": "#wall"},
				"south": {"uv": [1, 5, 4, 7], "texture": "#wall"},
				"west": {"uv": [6, 1, 7.5, 3], "texture": "#wall"},
				"up": {"uv": [11, 4, 14, 5.25], "rotation": 180, "texture": "#wall"},
				"down": {"uv": [12, 12, 15, 13.25], "rotation": 180, "texture": "#wall"}
			}
		},
		{
			"from": [6.5, 7.5, 3.77419],
			"to": [9.5, 9.5, 7.77419],
			"rotation": {"angle": 0, "axis": "y", "origin": [8, 7.94355, 12.0121]},
			"faces": {
				"north": {"uv": [8, 1, 12, 4], "texture": "#wall"},
				"east": {"uv": [4, 5, 8, 7], "texture": "#wall"},
				"south": {"uv": [8, 13, 12, 16], "texture": "#wall"},
				"west": {"uv": [0, 13, 4, 16], "texture": "#wall"},
				"up": {"uv": [11, 4, 15, 8], "rotation": 180, "texture": "#wall"},
				"down": {"uv": [12, 12, 16, 16], "rotation": 180, "texture": "#wall"}
			}
		},
		{
			"from": [6.5, 0, 2.52419],
			"to": [9.5, 2, 5.52419],
			"rotation": {"angle": 0, "axis": "y", "origin": [8, 7.94355, 12.0121]},
			"faces": {
				"north": {"uv": [6, 1, 9, 3], "texture": "#wall"},
				"east": {"uv": [8, 13, 11, 15], "texture": "#wall"},
				"south": {"uv": [8, 13, 11, 15], "texture": "#wall"},
				"west": {"uv": [0, 1, 3, 3], "texture": "#wall"},
				"up": {"uv": [11, 4, 14, 7], "rotation": 180, "texture": "#wall"},
				"down": {"uv": [12, 12, 15, 15], "rotation": 180, "texture": "#wall"}
			}
		},
		{
			"from": [6.5, 5, 2.52419],
			"to": [9.5, 7, 5.52419],
			"rotation": {"angle": 0, "axis": "y", "origin": [8, 7.94355, 12.0121]},
			"faces": {
				"north": {"uv": [4, 5, 7, 7], "texture": "#wall"},
				"east": {"uv": [8, 13, 11, 15], "texture": "#wall"},
				"south": {"uv": [0, 13, 3, 15], "texture": "#wall"},
				"west": {"uv": [8, 13, 11, 15], "texture": "#wall"},
				"up": {"uv": [11, 4, 14, 7], "rotation": 180, "texture": "#wall"},
				"down": {"uv": [12, 12, 15, 15], "rotation": 180, "texture": "#wall"}
			}
		},
		{
			"from": [6.5, 10, 6.02419],
			"to": [9.5, 12, 8.02419],
			"rotation": {"angle": 0, "axis": "y", "origin": [8, 7.94355, 12.0121]},
			"faces": {
				"north": {"uv": [8, 13, 11, 15], "texture": "#wall"},
				"east": {"uv": [0, 13, 2, 15], "texture": "#wall"},
				"west": {"uv": [8, 1, 10, 3], "texture": "#wall"},
				"up": {"uv": [11, 4, 14, 6], "rotation": 180, "texture": "#wall"},
				"down": {"uv": [12, 12, 15, 14], "rotation": 180, "texture": "#wall"}
			}
		},
		{
			"from": [6.5, 10, 2.52419],
			"to": [9.5, 12, 5.52419],
			"rotation": {"angle": 0, "axis": "y", "origin": [8, 7.94355, 12.0121]},
			"faces": {
				"north": {"uv": [4, 5, 7, 7], "texture": "#wall"},
				"east": {"uv": [8, 13, 11, 15], "texture": "#wall"},
				"south": {"uv": [0, 13, 3, 15], "texture": "#wall"},
				"west": {"uv": [8, 13, 11, 15], "texture": "#wall"},
				"up": {"uv": [11, 4, 14, 7], "rotation": 180, "texture": "#wall"},
				"down": {"uv": [12, 12, 15, 15], "rotation": 180, "texture": "#wall"}
			}
		},
		{
			"from": [6.5, 15, 6.02419],
			"to": [9.5, 16, 8.02419],
			"rotation": {"angle": 0, "axis": "y", "origin": [8, 7.94355, 12.0121]},
			"faces": {
				"north": {"uv": [8, 13, 11, 14], "texture": "#wall"},
				"east": {"uv": [0, 13, 2, 14], "texture": "#wall"},
				"west": {"uv": [8, 1, 10, 2], "texture": "#wall"},
				"up": {"uv": [13, 5, 16, 7], "rotation": 180, "texture": "#wall"},
				"down": {"uv": [12, 12, 15, 14], "rotation": 180, "texture": "#wall"}
			}
		},
		{
			"from": [6.5, 12.5, 2.02419],
			"to": [9.5, 14.5, 3.27419],
			"rotation": {"angle": 0, "axis": "y", "origin": [8, 7.94355, 12.0121]},
			"faces": {
				"east": {"uv": [2, 13, 3.25, 15], "texture": "#wall"},
				"south": {"uv": [1, 5, 4, 7], "texture": "#wall"},
				"west": {"uv": [6, 1, 7.5, 3], "texture": "#wall"},
				"up": {"uv": [11, 4, 14, 5.25], "rotation": 180, "texture": "#wall"},
				"down": {"uv": [12, 12, 15, 13.25], "rotation": 180, "texture": "#wall"}
			}
		},
		{
			"from": [6.5, 12.5, 3.77419],
			"to": [9.5, 14.5, 7.77419],
			"rotation": {"angle": 0, "axis": "y", "origin": [8, 7.94355, 12.0121]},
			"faces": {
				"north": {"uv": [8, 1, 12, 4], "texture": "#wall"},
				"east": {"uv": [4, 5, 8, 7], "texture": "#wall"},
				"south": {"uv": [8, 13, 12, 16], "texture": "#wall"},
				"west": {"uv": [0, 13, 4, 16], "texture": "#wall"},
				"up": {"uv": [11, 4, 15, 8], "rotation": 180, "texture": "#wall"},
				"down": {"uv": [12, 12, 16, 16], "rotation": 180, "texture": "#wall"}
			}
		},
		{
			"from": [6.5, 15, 2.52419],
			"to": [9.5, 16, 5.52419],
			"rotation": {"angle": 0, "axis": "y", "origin": [8, 7.94355, 12.0121]},
			"faces": {
				"north": {"uv": [4, 5, 7, 6], "texture": "#wall"},
				"east": {"uv": [8, 13, 11, 14], "texture": "#wall"},
				"south": {"uv": [0, 13, 3, 14], "texture": "#wall"},
				"west": {"uv": [8, 13, 11, 14], "texture": "#wall"},
				"up": {"uv": [13, 5, 16, 8], "rotation": 180, "texture": "#wall"},
				"down": {"uv": [12, 12, 15, 15], "rotation": 180, "texture": "#wall"}
			}
		},
		{
			"from": [6.75, 4.5, 1.52419],
			"to": [9.25, 5, 2.02419],
			"rotation": {"angle": 0, "axis": "y", "origin": [8, 7.94355, 12.0121]},
			"faces": {
				"east": {"uv": [0, 0, 6, 1], "texture": "#wall"},
				"west": {"uv": [0, 0, 6, 1], "texture": "#wall"}
			}
		},
		{
			"from": [6.75, 7, 1.52419],
			"to": [9.25, 7.5, 2.02419],
			"rotation": {"angle": 0, "axis": "y", "origin": [8, 7.94355, 12.0121]},
			"faces": {
				"east": {"uv": [0, 0, 6, 1], "texture": "#wall"},
				"west": {"uv": [0, 0, 6, 1], "texture": "#wall"}
			}
		},
		{
			"from": [6.75, 9.5, 1.52419],
			"to": [9.25, 10, 2.02419],
			"rotation": {"angle": 0, "axis": "y", "origin": [8, 7.94355, 12.0121]},
			"faces": {
				"east": {"uv": [0, 0, 6, 1], "texture": "#wall"},
				"west": {"uv": [0, 0, 6, 1], "texture": "#wall"}
			}
		},
		{
			"from": [6.75, 12, 1.52419],
			"to": [9.25, 12.5, 2.02419],
			"rotation": {"angle": 0, "axis": "y", "origin": [8, 7.94355, 12.0121]},
			"faces": {
				"east": {"uv": [0, 0, 6, 1], "texture": "#wall"},
				"west": {"uv": [0, 0, 6, 1], "texture": "#wall"}
			}
		},
		{
			"from": [6.75, 14.5, 1.52419],
			"to": [9.25, 15, 2.02419],
			"rotation": {"angle": 0, "axis": "y", "origin": [8, 7.94355, 12.0121]},
			"faces": {
				"east": {"uv": [0, 0, 6, 1], "texture": "#wall"},
				"west": {"uv": [0, 0, 6, 1], "texture": "#wall"}
			}
		},
		{
			"from": [6.75, 0, 2.02419],
			"to": [9.25, 1, 2.52419],
			"rotation": {"angle": 0, "axis": "y", "origin": [8, 7.94355, 12.0121]},
			"faces": {
				"east": {"uv": [0, 0, 6, 1], "texture": "#wall"},
				"west": {"uv": [0, 0, 6, 1], "texture": "#wall"},
				"down": {"uv": [0, 0, 2, 1], "rotation": 180, "texture": "#wall"}
			}
		},
		{
			"from": [6.25, 2, -1.72581],
			"to": [9.75, 15.75, 1.77419],
			"rotation": {"angle": 0, "axis": "y", "origin": [8, 7.94355, 12.0121]},
			"faces": {
				"north": {"uv": [9, 1, 12, 0], "texture": "#wall"},
				"east": {"uv": [3, 1, 6, 0], "texture": "#wall"},
				"south": {"uv": [0, 1, 3, 0], "texture": "#wall"},
				"west": {"uv": [6, 1, 9, 0], "texture": "#wall"}
			}
		},
		{
			"from": [6, 0, -1.97581],
			"to": [10, 2, 2.02419],
			"rotation": {"angle": 0, "axis": "y", "origin": [8, 7.94355, 12.0121]},
			"faces": {
				"north": {"uv": [6, 1, 10, 3], "texture": "#wall"},
				"east": {"uv": [8, 13, 12, 15], "texture": "#wall"},
				"south": {"uv": [8, 13, 12, 15], "texture": "#wall"},
				"west": {"uv": [0, 1, 4, 3], "texture": "#wall"},
				"up": {"uv": [0, 4, 4, 8], "rotation": 180, "texture": "#wall"},
				"down": {"uv": [12, 12, 16, 16], "rotation": 180, "texture": "#wall"}
			}
		},
		{
			"from": [6, 2.5, -1.97581],
			"to": [10, 4.5, 2.02419],
			"rotation": {"angle": 0, "axis": "y", "origin": [8, 7.94355, 12.0121]},
			"faces": {
				"north": {"uv": [8, 1, 12, 3], "texture": "#wall"},
				"east": {"uv": [1, 5, 5, 7], "texture": "#wall"},
				"south": {"uv": [5, 13, 9, 15], "texture": "#wall"},
				"west": {"uv": [0, 13, 4, 15], "texture": "#wall"},
				"up": {"uv": [12, 0, 16, 4], "rotation": 180, "texture": "#wall"},
				"down": {"uv": [12, 12, 16, 16], "rotation": 180, "texture": "#wall"}
			}
		},
		{
			"from": [6, 5, -1.97581],
			"to": [10, 7, 2.02419],
			"rotation": {"angle": 0, "axis": "y", "origin": [8, 7.94355, 12.0121]},
			"faces": {
				"north": {"uv": [12, 5, 16, 7], "texture": "#wall"},
				"east": {"uv": [8, 13, 12, 15], "texture": "#wall"},
				"south": {"uv": [4, 5, 8, 7], "texture": "#wall"},
				"west": {"uv": [12, 5, 16, 7], "texture": "#wall"},
				"up": {"uv": [4, 12, 8, 16], "rotation": 180, "texture": "#wall"},
				"down": {"uv": [12, 12, 16, 16], "rotation": 180, "texture": "#wall"}
			}
		},
		{
			"from": [6, 7.5, -1.97581],
			"to": [10, 9.5, 2.02419],
			"rotation": {"angle": 0, "axis": "y", "origin": [8, 7.94355, 12.0121]},
			"faces": {
				"north": {"uv": [4, 5, 8, 7], "texture": "#wall"},
				"east": {"uv": [12, 5, 16, 7], "texture": "#wall"},
				"south": {"uv": [0, 13, 4, 15], "texture": "#wall"},
				"west": {"uv": [8, 1, 12, 3], "texture": "#wall"},
				"up": {"uv": [4, 12, 8, 16], "rotation": 180, "texture": "#wall"},
				"down": {"uv": [12, 12, 16, 16], "rotation": 180, "texture": "#wall"}
			}
		},
		{
			"from": [6, 10, -1.97581],
			"to": [10, 12, 2.02419],
			"rotation": {"angle": 0, "axis": "y", "origin": [8, 7.94355, 12.0121]},
			"faces": {
				"north": {"uv": [0, 13, 4, 15], "texture": "#wall"},
				"east": {"uv": [11, 5, 15, 7], "texture": "#wall"},
				"south": {"uv": [0, 1, 4, 3], "texture": "#wall"},
				"west": {"uv": [8, 13, 12, 15], "texture": "#wall"},
				"up": {"uv": [4, 12, 8, 16], "rotation": 180, "texture": "#wall"},
				"down": {"uv": [12, 12, 16, 16], "rotation": 180, "texture": "#wall"}
			}
		},
		{
			"from": [6, 12.5, -1.97581],
			"to": [10, 14.5, 2.02419],
			"rotation": {"angle": 0, "axis": "y", "origin": [8, 7.94355, 12.0121]},
			"faces": {
				"north": {"uv": [12, 5, 16, 7], "texture": "#wall"},
				"east": {"uv": [0, 13, 4, 15], "texture": "#wall"},
				"south": {"uv": [8, 1, 12, 3], "texture": "#wall"},
				"west": {"uv": [0, 1, 4, 3], "texture": "#wall"},
				"up": {"uv": [4, 12, 8, 16], "rotation": 180, "texture": "#wall"},
				"down": {"uv": [12, 12, 16, 16], "rotation": 180, "texture": "#wall"}
			}
		},
		{
			"from": [6, 15, -1.97581],
			"to": [10, 16, 2.02419],
			"rotation": {"angle": 0, "axis": "y", "origin": [8, 7.94355, 12.0121]},
			"faces": {
				"north": {"uv": [4, 6, 8, 8], "texture": "#wall"},
				"east": {"uv": [0, 1, 4, 3], "texture": "#wall"},
				"south": {"uv": [1, 5, 5, 7], "texture": "#wall"},
				"west": {"uv": [8, 1, 12, 3], "texture": "#wall"},
				"up": {"uv": [7, 12, 11, 16], "rotation": 180, "texture": "#wall"},
				"down": {"uv": [12, 12, 16, 16], "rotation": 180, "texture": "#wall"}
			}
		},
		{
			"from": [6.5, 0, 8],
			"to": [9.5, 2, 10],
			"faces": {
				"east": {"uv": [0, 13, 2, 15], "texture": "#wall"},
				"south": {"uv": [8, 1, 11, 3], "texture": "#wall"},
				"west": {"uv": [4, 5, 6, 7], "texture": "#wall"},
				"up": {"uv": [11, 4, 14, 6], "texture": "#wall"},
				"down": {"uv": [12, 12, 15, 14], "texture": "#wall"}
			}
		},
		{
			"from": [6.5, 5, 8],
			"to": [9.5, 7, 10],
			"faces": {
				"east": {"uv": [8, 1, 10, 3], "texture": "#wall"},
				"south": {"uv": [8, 13, 11, 15], "texture": "#wall"},
				"west": {"uv": [0, 13, 2, 15], "texture": "#wall"},
				"up": {"uv": [11, 4, 14, 6], "texture": "#wall"},
				"down": {"uv": [12, 12, 15, 14], "texture": "#wall"}
			}
		},
		{
			"from": [6.5, 2.5, 12.75],
			"to": [9.5, 4.5, 14],
			"faces": {
				"north": {"uv": [1, 5, 4, 7], "texture": "#wall"},
				"east": {"uv": [8, 9, 10, 11], "texture": "#wall"},
				"west": {"uv": [12, 9, 14, 11], "texture": "#wall"},
				"up": {"uv": [11, 4, 14, 6], "texture": "#wall"},
				"down": {"uv": [12, 12, 15, 14], "texture": "#wall"}
			}
		},
		{
			"from": [6.75, 1, 8],
			"to": [9.25, 15.75, 14],
			"faces": {
				"east": {"uv": [0, 0, 6, 1], "texture": "#wall"},
				"west": {"uv": [0, 0, 6, 1], "texture": "#wall"},
				"up": {"uv": [0, 0, 2, 1], "texture": "#wall"}
			}
		},
		{
			"from": [6.75, 0, 10],
			"to": [9.25, 1, 10.5],
			"faces": {
				"east": {"uv": [0, 0, 6, 1], "texture": "#wall"},
				"west": {"uv": [0, 0, 6, 1], "texture": "#wall"},
				"down": {"uv": [0, 0, 2, 1], "texture": "#wall"}
			}
		},
		{
			"from": [6.75, 2, 14],
			"to": [9.25, 2.5, 14.5],
			"faces": {
				"east": {"uv": [0, 0, 6, 1], "texture": "#wall"},
				"west": {"uv": [0, 0, 6, 1], "texture": "#wall"}
			}
		},
		{
			"from": [6.5, 2.5, 8.25],
			"to": [9.5, 4.5, 12.25],
			"faces": {
				"north": {"uv": [8, 13, 12, 16], "texture": "#wall"},
				"east": {"uv": [0, 13, 4, 16], "texture": "#wall"},
				"south": {"uv": [8, 1, 12, 4], "texture": "#wall"},
				"west": {"uv": [4, 5, 8, 7], "texture": "#wall"},
				"up": {"uv": [11, 4, 15, 8], "texture": "#wall"},
				"down": {"uv": [12, 12, 16, 16], "texture": "#wall"}
			}
		},
		{
			"from": [6.5, 7.5, 12.75],
			"to": [9.5, 9.5, 14],
			"faces": {
				"north": {"uv": [1, 5, 4, 7], "texture": "#wall"},
				"east": {"uv": [6, 1, 7.5, 3], "texture": "#wall"},
				"west": {"uv": [2, 13, 3.25, 15], "texture": "#wall"},
				"up": {"uv": [11, 4, 14, 5.25], "texture": "#wall"},
				"down": {"uv": [12, 12, 15, 13.25], "texture": "#wall"}
			}
		},
		{
			"from": [6.5, 7.5, 8.25],
			"to": [9.5, 9.5, 12.25],
			"faces": {
				"north": {"uv": [8, 13, 12, 16], "texture": "#wall"},
				"east": {"uv": [0, 13, 4, 16], "texture": "#wall"},
				"south": {"uv": [8, 1, 12, 4], "texture": "#wall"},
				"west": {"uv": [4, 5, 8, 7], "texture": "#wall"},
				"up": {"uv": [11, 4, 15, 8], "texture": "#wall"},
				"down": {"uv": [12, 12, 16, 16], "texture": "#wall"}
			}
		},
		{
			"from": [6.5, 0, 10.5],
			"to": [9.5, 2, 13.5],
			"faces": {
				"north": {"uv": [8, 13, 11, 15], "texture": "#wall"},
				"east": {"uv": [0, 1, 3, 3], "texture": "#wall"},
				"south": {"uv": [6, 1, 9, 3], "texture": "#wall"},
				"west": {"uv": [8, 13, 11, 15], "texture": "#wall"},
				"up": {"uv": [11, 4, 14, 7], "texture": "#wall"},
				"down": {"uv": [12, 12, 15, 15], "texture": "#wall"}
			}
		},
		{
			"from": [6.5, 5, 10.5],
			"to": [9.5, 7, 13.5],
			"faces": {
				"north": {"uv": [0, 13, 3, 15], "texture": "#wall"},
				"east": {"uv": [8, 13, 11, 15], "texture": "#wall"},
				"south": {"uv": [4, 5, 7, 7], "texture": "#wall"},
				"west": {"uv": [8, 13, 11, 15], "texture": "#wall"},
				"up": {"uv": [11, 4, 14, 7], "texture": "#wall"},
				"down": {"uv": [12, 12, 15, 15], "texture": "#wall"}
			}
		},
		{
			"from": [6.5, 10, 8],
			"to": [9.5, 12, 10],
			"faces": {
				"east": {"uv": [8, 1, 10, 3], "texture": "#wall"},
				"south": {"uv": [8, 13, 11, 15], "texture": "#wall"},
				"west": {"uv": [0, 13, 2, 15], "texture": "#wall"},
				"up": {"uv": [11, 4, 14, 6], "texture": "#wall"},
				"down": {"uv": [12, 12, 15, 14], "texture": "#wall"}
			}
		},
		{
			"from": [6.5, 10, 10.5],
			"to": [9.5, 12, 13.5],
			"faces": {
				"north": {"uv": [0, 13, 3, 15], "texture": "#wall"},
				"east": {"uv": [8, 13, 11, 15], "texture": "#wall"},
				"south": {"uv": [4, 5, 7, 7], "texture": "#wall"},
				"west": {"uv": [8, 13, 11, 15], "texture": "#wall"},
				"up": {"uv": [11, 4, 14, 7], "texture": "#wall"},
				"down": {"uv": [12, 12, 15, 15], "texture": "#wall"}
			}
		},
		{
			"from": [6.5, 15, 8],
			"to": [9.5, 16, 10],
			"faces": {
				"east": {"uv": [8, 1, 10, 2], "texture": "#wall"},
				"south": {"uv": [8, 13, 11, 14], "texture": "#wall"},
				"west": {"uv": [0, 13, 2, 14], "texture": "#wall"},
				"up": {"uv": [13, 5, 16, 7], "texture": "#wall"},
				"down": {"uv": [12, 12, 15, 14], "texture": "#wall"}
			}
		},
		{
			"from": [6.5, 12.5, 12.75],
			"to": [9.5, 14.5, 14],
			"faces": {
				"north": {"uv": [1, 5, 4, 7], "texture": "#wall"},
				"east": {"uv": [6, 1, 7.5, 3], "texture": "#wall"},
				"west": {"uv": [2, 13, 3.25, 15], "texture": "#wall"},
				"up": {"uv": [11, 4, 14, 5.25], "texture": "#wall"},
				"down": {"uv": [12, 12, 15, 13.25], "texture": "#wall"}
			}
		},
		{
			"from": [6.5, 12.5, 8.25],
			"to": [9.5, 14.5, 12.25],
			"faces": {
				"north": {"uv": [8, 13, 12, 16], "texture": "#wall"},
				"east": {"uv": [0, 13, 4, 16], "texture": "#wall"},
				"south": {"uv": [8, 1, 12, 4], "texture": "#wall"},
				"west": {"uv": [4, 5, 8, 7], "texture": "#wall"},
				"up": {"uv": [11, 4, 15, 8], "texture": "#wall"},
				"down": {"uv": [12, 12, 16, 16], "texture": "#wall"}
			}
		},
		{
			"from": [6.5, 15, 10.5],
			"to": [9.5, 16, 13.5],
			"faces": {
				"north": {"uv": [0, 13, 3, 14], "texture": "#wall"},
				"east": {"uv": [8, 13, 11, 14], "texture": "#wall"},
				"south": {"uv": [4, 5, 7, 6], "texture": "#wall"},
				"west": {"uv": [8, 13, 11, 14], "texture": "#wall"},
				"up": {"uv": [13, 5, 16, 8], "texture": "#wall"},
				"down": {"uv": [12, 12, 15, 15], "texture": "#wall"}
			}
		},
		{
			"from": [6.75, 4.5, 14],
			"to": [9.25, 5, 14.5],
			"faces": {
				"east": {"uv": [0, 0, 6, 1], "texture": "#wall"},
				"west": {"uv": [0, 0, 6, 1], "texture": "#wall"}
			}
		},
		{
			"from": [6.75, 7, 14],
			"to": [9.25, 7.5, 14.5],
			"faces": {
				"east": {"uv": [0, 0, 6, 1], "texture": "#wall"},
				"west": {"uv": [0, 0, 6, 1], "texture": "#wall"}
			}
		},
		{
			"from": [6.75, 9.5, 14],
			"to": [9.25, 10, 14.5],
			"faces": {
				"east": {"uv": [0, 0, 6, 1], "texture": "#wall"},
				"west": {"uv": [0, 0, 6, 1], "texture": "#wall"}
			}
		},
		{
			"from": [6.75, 12, 14],
			"to": [9.25, 12.5, 14.5],
			"faces": {
				"east": {"uv": [0, 0, 6, 1], "texture": "#wall"},
				"west": {"uv": [0, 0, 6, 1], "texture": "#wall"}
			}
		},
		{
			"from": [6.75, 14.5, 14],
			"to": [9.25, 15, 14.5],
			"faces": {
				"east": {"uv": [0, 0, 6, 1], "texture": "#wall"},
				"west": {"uv": [0, 0, 6, 1], "texture": "#wall"}
			}
		},
		{
			"from": [6.75, 0, 13.5],
			"to": [9.25, 1, 14],
			"faces": {
				"east": {"uv": [0, 0, 6, 1], "texture": "#wall"},
				"west": {"uv": [0, 0, 6, 1], "texture": "#wall"},
				"down": {"uv": [0, 0, 2, 1], "texture": "#wall"}
			}
		},
		{
			"from": [6.25, 2, 14.25],
			"to": [9.75, 15.75, 17.75],
			"faces": {
				"north": {"uv": [0, 1, 3, 0], "texture": "#wall"},
				"east": {"uv": [6, 1, 9, 0], "texture": "#wall"},
				"south": {"uv": [9, 1, 12, 0], "texture": "#wall"},
				"west": {"uv": [3, 1, 6, 0], "texture": "#wall"}
			}
		},
		{
			"from": [6, 0, 14],
			"to": [10, 2, 18],
			"faces": {
				"north": {"uv": [8, 13, 12, 15], "texture": "#wall"},
				"east": {"uv": [0, 1, 4, 3], "texture": "#wall"},
				"south": {"uv": [6, 1, 10, 3], "texture": "#wall"},
				"west": {"uv": [8, 13, 12, 15], "texture": "#wall"},
				"up": {"uv": [0, 4, 4, 8], "texture": "#wall"},
				"down": {"uv": [12, 12, 16, 16], "texture": "#wall"}
			}
		},
		{
			"from": [6, 2.5, 14],
			"to": [10, 4.5, 18],
			"faces": {
				"north": {"uv": [5, 13, 9, 15], "texture": "#wall"},
				"east": {"uv": [0, 13, 4, 15], "texture": "#wall"},
				"south": {"uv": [8, 1, 12, 3], "texture": "#wall"},
				"west": {"uv": [1, 5, 5, 7], "texture": "#wall"},
				"up": {"uv": [12, 0, 16, 4], "texture": "#wall"},
				"down": {"uv": [12, 12, 16, 16], "texture": "#wall"}
			}
		},
		{
			"from": [6, 5, 14],
			"to": [10, 7, 18],
			"faces": {
				"north": {"uv": [4, 5, 8, 7], "texture": "#wall"},
				"east": {"uv": [12, 5, 16, 7], "texture": "#wall"},
				"south": {"uv": [12, 5, 16, 7], "texture": "#wall"},
				"west": {"uv": [8, 13, 12, 15], "texture": "#wall"},
				"up": {"uv": [4, 12, 8, 16], "texture": "#wall"},
				"down": {"uv": [12, 12, 16, 16], "texture": "#wall"}
			}
		},
		{
			"from": [6, 7.5, 14],
			"to": [10, 9.5, 18],
			"faces": {
				"north": {"uv": [0, 13, 4, 15], "texture": "#wall"},
				"east": {"uv": [8, 1, 12, 3], "texture": "#wall"},
				"south": {"uv": [4, 5, 8, 7], "texture": "#wall"},
				"west": {"uv": [12, 5, 16, 7], "texture": "#wall"},
				"up": {"uv": [4, 12, 8, 16], "texture": "#wall"},
				"down": {"uv": [12, 12, 16, 16], "texture": "#wall"}
			}
		},
		{
			"from": [6, 10, 14],
			"to": [10, 12, 18],
			"faces": {
				"north": {"uv": [0, 1, 4, 3], "texture": "#wall"},
				"east": {"uv": [8, 13, 12, 15], "texture": "#wall"},
				"south": {"uv": [0, 13, 4, 15], "texture": "#wall"},
				"west": {"uv": [11, 5, 15, 7], "texture": "#wall"},
				"up": {"uv": [4, 12, 8, 16], "texture": "#wall"},
				"down": {"uv": [12, 12, 16, 16], "texture": "#wall"}
			}
		},
		{
			"from": [6, 12.5, 14],
			"to": [10, 14.5, 18],
			"faces": {
				"north": {"uv": [8, 1, 12, 3], "texture": "#wall"},
				"east": {"uv": [0, 1, 4, 3], "texture": "#wall"},
				"south": {"uv": [12, 5, 16, 7], "texture": "#wall"},
				"west": {"uv": [0, 13, 4, 15], "texture": "#wall"},
				"up": {"uv": [4, 12, 8, 16], "texture": "#wall"},
				"down": {"uv": [12, 12, 16, 16], "texture": "#wall"}
			}
		},
		{
			"from": [6, 15, 14],
			"to": [10, 16, 18],
			"faces": {
				"north": {"uv": [1, 5, 5, 7], "texture": "#wall"},
				"east": {"uv": [8, 1, 12, 3], "texture": "#wall"},
				"south": {"uv": [4, 6, 8, 8], "texture": "#wall"},
				"west": {"uv": [0, 1, 4, 3], "texture": "#wall"},
				"up": {"uv": [7, 12, 11, 16], "texture": "#wall"},
				"down": {"uv": [12, 12, 16, 16], "texture": "#wall"}
			}
		}
	],
	"display": {
		"thirdperson_righthand": {
			"rotation": [75, 30, 0],
			"translation": [0, 0.75, 0],
			"scale": [0.375, 0.375, 0.375]
		},
		"thirdperson_lefthand": {
			"rotation": [75, 30, 0],
			"translation": [0, 0.75, 0],
			"scale": [0.375, 0.375, 0.375]
		},
		"firstperson_righthand": {
			"rotation": [0, 35, 0],
			"scale": [0.5, 0.5, 0.5]
		},
		"firstperson_lefthand": {
			"rotation": [0, 35, 0],
			"scale": [0.5, 0.5, 0.5]
		},
		"ground": {
			"translation": [0, 3, 0],
			"scale": [0.5, 0.5, 0.5]
		},
		"gui": {
			"rotation": [30, 135, 0],
			"scale": [0.62, 0.62, 0.62]
		},
		"fixed": {
			"scale": [0.7, 0.7, 0.7]
		}
	},
	"groups": [
		{
			"name": "group",
			"origin": [0, 0, 0],
			"color": 0,
			"children": [
				{
					"name": "group",
					"origin": [0, 0, 0],
					"color": 0,
					"children": [0, 1, 2, 3, 4, 5, 6, 7, 8, 9, 10, 11, 12, 13, 14, 15, 16, 17, 18, 19, 20, 21, 22, 23, 24, 25, 26, 27, 28, 29, 30]
				},
				{
					"name": "group",
					"origin": [0, 0, 0],
					"color": 0,
					"children": [
						{
							"name": "group",
							"origin": [0, 0, 0],
							"color": 0,
							"children": [31, 32, 33, 34, 35, 36, 37, 38, 39, 40, 41, 42, 43, 44, 45, 46, 47, 48, 49, 50, 51, 52, 53, 54, 55, 56, 57, 58, 59, 60, 61]
						}
					]
				}
			]
		}
	]
}
