{
	"credit": "Mady by Ecorn",
	"parent": "minecraft:block/fence_side",
	"textures": {
		"1": "block/oak_log",
		"2": "block/oak_log_top",
		"particle": "block/oak_log",
		"texture": "block/oak_planks"
	},
	"elements": [
		{
			"from": [7, 3, 8],
			"to": [9, 5, 14],
			"rotation": {"angle": 0, "axis": "y", "origin": [8, 8, 13]},
			"faces": {
				"east": {"uv": [10, 2, 16, 4], "texture": "#texture"},
				"west": {"uv": [10, 2, 16, 4], "texture": "#texture"},
				"up": {"uv": [10, 2, 12, 8], "texture": "#texture"},
				"down": {"uv": [10, 2, 12, 8], "texture": "#texture"}
			}
		},
		{
			"from": [6, 0, -1.75],
			"to": [10, 16, 2.25],
			"rotation": {"angle": 0, "axis": "y", "origin": [0, 0, -0.75]},
			"faces": {
				"north": {"uv": [0, 0, 4, 16], "texture": "#1"},
				"east": {"uv": [12, 0, 16, 16], "texture": "#1"},
				"south": {"uv": [8, 0, 12, 16], "texture": "#1"},
				"west": {"uv": [4, 0, 8, 16], "texture": "#1"},
				"up": {"uv": [6, 6, 10, 10], "texture": "#2"},
				"down": {"uv": [6, 6, 10, 10], "texture": "#2"}
			}
		},
		{
			"from": [6, 0, 14],
			"to": [10, 16, 18],
			"rotation": {"angle": 0, "axis": "y", "origin": [0, 0, 1]},
			"faces": {
				"north": {"uv": [0, 0, 4, 16], "texture": "#1"},
				"east": {"uv": [12, 0, 16, 16], "texture": "#1"},
				"south": {"uv": [8, 0, 12, 16], "texture": "#1"},
				"west": {"uv": [4, 0, 8, 16], "texture": "#1"},
				"up": {"uv": [6, 6, 10, 10], "texture": "#2"},
				"down": {"uv": [6, 6, 10, 10], "texture": "#2"}
			}
		},
		{
			"from": [7, 11, 8],
			"to": [9, 13, 14],
			"rotation": {"angle": 0, "axis": "y", "origin": [8, 8, 13]},
			"faces": {
				"east": {"uv": [0, 6, 6, 8], "texture": "#texture"},
				"west": {"uv": [0, 6, 6, 8], "texture": "#texture"},
				"up": {"uv": [0, 6, 2, 12], "texture": "#texture"},
				"down": {"uv": [0, 6, 2, 12], "texture": "#texture"}
			}
		},
		{
			"from": [7.5, 6.5, 7.5],
			"to": [8.5, 7.5, 15.5],
			"rotation": {"angle": -22.5, "axis": "x", "origin": [8, 7, 11.5]},
			"faces": {
				"north": {"uv": [0, 0, 1, 1], "texture": "#texture"},
				"east": {"uv": [0, 1, 8, 2], "texture": "#texture"},
				"west": {"uv": [8, 1, 0, 2], "texture": "#texture"},
				"up": {"uv": [8, 1, 0, 2], "rotation": 90, "texture": "#texture"},
				"down": {"uv": [0, 1, 8, 2], "rotation": 90, "texture": "#texture"}
			}
		},
		{
			"from": [7.5, 8.5, 7.5],
			"to": [8.5, 9.5, 15.5],
			"rotation": {"angle": 22.5, "axis": "x", "origin": [8, 9, 11.5]},
			"faces": {
				"north": {"uv": [0, 0, 1, 1], "texture": "#texture"},
				"east": {"uv": [8, 12, 0, 13], "texture": "#texture"},
				"west": {"uv": [0, 12, 8, 13], "texture": "#texture"},
				"up": {"uv": [0, 12, 8, 13], "rotation": 270, "texture": "#texture"},
				"down": {"uv": [8, 13, 0, 12], "rotation": 90, "texture": "#texture"}
			}
		},
		{
			"from": [7, 7, 13.4],
			"to": [9, 9, 14.4],
			"rotation": {"angle": 0, "axis": "y", "origin": [0, 0, 8]},
			"faces": {
				"north": {"uv": [12, 5, 14, 7], "texture": "#1"},
				"east": {"uv": [11, 2, 12, 4], "texture": "#1"},
				"west": {"uv": [11, 2, 12, 4], "texture": "#1"},
				"up": {"uv": [12, 1, 14, 2], "texture": "#1"},
				"down": {"uv": [11, 3, 13, 4], "texture": "#1"}
			}
		},
		{
			"from": [7, 3, 2],
			"to": [9, 5, 8],
			"rotation": {"angle": 0, "axis": "y", "origin": [19, 8, 10.03]},
			"faces": {
				"east": {"uv": [10, 2, 16, 4], "texture": "#texture"},
				"west": {"uv": [10, 2, 16, 4], "texture": "#texture"},
				"up": {"uv": [10, 2, 12, 8], "rotation": 180, "texture": "#texture"},
				"down": {"uv": [10, 2, 12, 8], "rotation": 180, "texture": "#texture"}
			}
		},
		{
			"from": [7, 11, 2],
			"to": [9, 13, 8],
			"rotation": {"angle": 0, "axis": "y", "origin": [19, 8, 10.03]},
			"faces": {
				"east": {"uv": [0, 6, 6, 8], "texture": "#texture"},
				"west": {"uv": [0, 6, 6, 8], "texture": "#texture"},
				"up": {"uv": [0, 6, 2, 12], "rotation": 180, "texture": "#texture"},
				"down": {"uv": [0, 6, 2, 12], "rotation": 180, "texture": "#texture"}
			}
		},
		{
			"from": [7.5, 6.5, 0.56],
			"to": [8.5, 7.5, 8.56],
			"rotation": {"angle": 22.5, "axis": "x", "origin": [8, 7, 4.56]},
			"faces": {
				"east": {"uv": [8, 1, 0, 2], "texture": "#texture"},
				"south": {"uv": [0, 0, 1, 1], "texture": "#texture"},
				"west": {"uv": [0, 1, 8, 2], "texture": "#texture"},
				"up": {"uv": [8, 1, 0, 2], "rotation": 270, "texture": "#texture"},
				"down": {"uv": [0, 1, 8, 2], "rotation": 270, "texture": "#texture"}
			}
		},
		{
			"from": [7.5, 8.5, 0.56],
			"to": [8.5, 9.5, 8.56],
			"rotation": {"angle": -22.5, "axis": "x", "origin": [8, 9, 4.56]},
			"faces": {
				"east": {"uv": [0, 12, 8, 13], "texture": "#texture"},
				"south": {"uv": [0, 0, 1, 1], "texture": "#texture"},
				"west": {"uv": [8, 12, 0, 13], "texture": "#texture"},
				"up": {"uv": [0, 12, 8, 13], "rotation": 90, "texture": "#texture"},
				"down": {"uv": [8, 13, 0, 12], "rotation": 270, "texture": "#texture"}
			}
		},
		{
			"from": [7, 7, 1.66],
			"to": [9, 9, 2.66],
			"rotation": {"angle": 0, "axis": "y", "origin": [19, 8, 10.03]},
			"faces": {
				"east": {"uv": [11, 2, 12, 4], "texture": "#1"},
				"south": {"uv": [12, 5, 14, 7], "texture": "#1"},
				"west": {"uv": [11, 2, 12, 4], "texture": "#1"},
				"up": {"uv": [12, 1, 14, 2], "rotation": 180, "texture": "#1"},
				"down": {"uv": [11, 3, 13, 4], "rotation": 180, "texture": "#1"}
			}
		}
	],
	"display": {
		"thirdperson_righthand": {
			"rotation": [75, 30, 0],
			"translation": [0, 0.75, 0],
			"scale": [0.375, 0.375, 0.375]
		},
		"thirdperson_lefthand": {
			"rotation": [75, 30, 0],
			"translation": [0, 0.75, 0],
			"scale": [0.375, 0.375, 0.375]
		},
		"firstperson_righthand": {
			"rotation": [0, 35, 0],
			"scale": [0.5, 0.5, 0.45]
		},
		"firstperson_lefthand": {
			"rotation": [0, 35, 0],
			"scale": [0.5, 0.5, 0.5]
		},
		"ground": {
			"translation": [0, 3, 0],
			"scale": [0.5, 0.5, 0.5]
		},
		"gui": {
			"rotation": [30, 135, 0],
			"scale": [0.62, 0.62, 0.58]
		},
		"fixed": {
			"scale": [0.7, 0.7, 0.7]
		}
	}
}
