{
	"credit": "Mady by Ecorn",
	"parent": "minecraft:block/fence_post",
	"textures": {
		"2": "block/pale_oak_log_top",
		"3": "block/stripped_pale_oak_log_fence",
		"4": "block/pale_oak_log",
		"particle": "block/pale_oak_log_top"
	},
	"elements": [
		{
			"from": [7, 2, 9],
			"to": [9, 13, 12],
			"rotation": {"angle": 0, "axis": "y", "origin": [1, 0, 10]},
			"faces": {
				"north": {"uv": [2, 0, 4, 11], "texture": "#3"},
				"east": {"uv": [0, 0, 3, 11], "texture": "#3"},
				"south": {"uv": [5, 0, 7, 11], "texture": "#3"},
				"west": {"uv": [0, 0, 3, 11], "texture": "#3"},
				"up": {"uv": [6, 6, 8, 9], "rotation": 180, "texture": "#3"},
				"down": {"uv": [6, 6, 8, 9], "rotation": 180, "texture": "#3"}
			}
		},
		{
			"from": [7, 13, 9],
			"to": [9, 15, 10.5],
			"rotation": {"angle": 45, "axis": "x", "origin": [8, 13, 9]},
			"faces": {
				"north": {"uv": [2, 0, 4, 2], "texture": "#3"},
				"east": {"uv": [1, 0, 2.5, 1], "texture": "#3"},
				"south": {"uv": [5, 0, 7, 2], "texture": "#3"},
				"west": {"uv": [0, 0, 1.5, 1], "texture": "#3"},
				"up": {"uv": [6, 6, 8, 7.5], "rotation": 180, "texture": "#3"},
				"down": {"uv": [6, 6, 8, 7.5], "rotation": 180, "texture": "#3"}
			}
		},
		{
			"from": [7, 13, 10.5],
			"to": [9, 15, 12],
			"rotation": {"angle": -45, "axis": "x", "origin": [8, 13, 12]},
			"faces": {
				"north": {"uv": [2, 0, 4, 2], "texture": "#3"},
				"east": {"uv": [0, 0, 1.5, 1], "texture": "#3"},
				"south": {"uv": [5, 0, 7, 2], "texture": "#3"},
				"west": {"uv": [0, 0, 1.5, 1], "texture": "#3"},
				"up": {"uv": [6, 6, 8, 7.5], "rotation": 180, "texture": "#3"},
				"down": {"uv": [6, 6, 8, 7.5], "rotation": 180, "texture": "#3"}
			}
		},
		{
			"from": [7.5, 4, 7],
			"to": [8.5, 6, 14],
			"rotation": {"angle": 0, "axis": "y", "origin": [0.5, 1, 5]},
			"faces": {
				"east": {"uv": [9, 2, 16, 4], "texture": "#3"},
				"west": {"uv": [9, 2, 16, 4], "texture": "#3"},
				"up": {"uv": [10, 2, 11, 9], "texture": "#3"},
				"down": {"uv": [10, 2, 11, 9], "texture": "#3"}
			}
		},
		{
			"from": [7.5, 9, 7],
			"to": [8.5, 11, 14],
			"rotation": {"angle": 0, "axis": "y", "origin": [0.5, 2, 5]},
			"faces": {
				"east": {"uv": [5, 2, 12, 4], "texture": "#3"},
				"west": {"uv": [5, 2, 12, 4], "texture": "#3"},
				"up": {"uv": [5, 2, 6, 9], "texture": "#3"},
				"down": {"uv": [5, 2, 6, 9], "texture": "#3"}
			}
		},
		{
			"from": [7.5, 4, 0],
			"to": [8.5, 6, 7],
			"rotation": {"angle": 0, "axis": "y", "origin": [8, 2, 4]},
			"faces": {
				"east": {"uv": [9, 2, 16, 4], "texture": "#3"},
				"west": {"uv": [9, 2, 16, 4], "texture": "#3"},
				"up": {"uv": [10, 2, 11, 9], "rotation": 180, "texture": "#3"},
				"down": {"uv": [10, 2, 11, 9], "rotation": 180, "texture": "#3"}
			}
		},
		{
			"from": [7.5, 9, 0],
			"to": [8.5, 11, 7],
			"rotation": {"angle": 0, "axis": "y", "origin": [8, 2, 4]},
			"faces": {
				"east": {"uv": [5, 2, 12, 4], "texture": "#3"},
				"west": {"uv": [5, 2, 12, 4], "texture": "#3"},
				"up": {"uv": [5, 2, 6, 9], "rotation": 180, "texture": "#3"},
				"down": {"uv": [5, 2, 6, 9], "rotation": 180, "texture": "#3"}
			}
		},
		{
			"from": [6.5, 0, 14],
			"to": [9.5, 16, 17],
			"rotation": {"angle": 0, "axis": "y", "origin": [0.5, 0, 15]},
			"faces": {
				"north": {"uv": [7, 0, 10, 16], "texture": "#2"},
				"east": {"uv": [6, 0, 9, 16], "texture": "#2"},
				"south": {"uv": [7, 0, 10, 16], "texture": "#2"},
				"west": {"uv": [6, 0, 9, 16], "texture": "#2"},
				"up": {"uv": [6, 6, 9, 9], "rotation": 180, "texture": "#4"},
				"down": {"uv": [6, 6, 9, 9], "rotation": 180, "texture": "#4"}
			}
		},
		{
			"from": [7, 2, 4],
			"to": [9, 13, 7],
			"rotation": {"angle": 0, "axis": "y", "origin": [8.5, 0, 13]},
			"faces": {
				"north": {"uv": [2, 0, 4, 11], "texture": "#3"},
				"east": {"uv": [0, 0, 3, 11], "texture": "#3"},
				"south": {"uv": [5, 0, 7, 11], "texture": "#3"},
				"west": {"uv": [0, 0, 3, 11], "texture": "#3"},
				"up": {"uv": [6, 6, 8, 9], "rotation": 180, "texture": "#3"},
				"down": {"uv": [6, 6, 8, 9], "rotation": 180, "texture": "#3"}
			}
		},
		{
			"from": [7, 2.82843, -2.55635],
			"to": [9, 4.82843, -1.05635],
			"rotation": {"angle": 45, "axis": "x", "origin": [8.5, 0, 13]},
			"faces": {
				"north": {"uv": [2, 0, 4, 2], "texture": "#3"},
				"east": {"uv": [1, 0, 2.5, 1], "texture": "#3"},
				"south": {"uv": [5, 0, 7, 2], "texture": "#3"},
				"west": {"uv": [0, 0, 1.5, 1], "texture": "#3"},
				"up": {"uv": [6, 6, 8, 7.5], "rotation": 180, "texture": "#3"},
				"down": {"uv": [6, 6, 8, 7.5], "rotation": 180, "texture": "#3"}
			}
		},
		{
			"from": [7, 13.43503, 16.44975],
			"to": [9, 15.43503, 17.94975],
			"rotation": {"angle": -45, "axis": "x", "origin": [8.5, 0, 13]},
			"faces": {
				"north": {"uv": [2, 0, 4, 2], "texture": "#3"},
				"east": {"uv": [0, 0, 1.5, 1], "texture": "#3"},
				"south": {"uv": [5, 0, 7, 2], "texture": "#3"},
				"west": {"uv": [0, 0, 1.5, 1], "texture": "#3"},
				"up": {"uv": [6, 6, 8, 7.5], "rotation": 180, "texture": "#3"},
				"down": {"uv": [6, 6, 8, 7.5], "rotation": 180, "texture": "#3"}
			}
		},
		{
			"from": [6.5, 0, -1],
			"to": [9.5, 16, 2],
			"rotation": {"angle": 0, "axis": "y", "origin": [8.5, 0, 2]},
			"faces": {
				"north": {"uv": [7, 0, 10, 16], "texture": "#2"},
				"east": {"uv": [6, 0, 9, 16], "texture": "#2"},
				"south": {"uv": [7, 0, 10, 16], "texture": "#2"},
				"west": {"uv": [6, 0, 9, 16], "texture": "#2"},
				"up": {"uv": [6, 6, 9, 9], "rotation": 180, "texture": "#4"},
				"down": {"uv": [6, 6, 9, 9], "rotation": 180, "texture": "#4"}
			}
		}
	],
	"display": {
		"thirdperson_righthand": {
			"rotation": [75, 30, 0],
			"translation": [0, 0.75, 0],
			"scale": [0.375, 0.375, 0.375]
		},
		"thirdperson_lefthand": {
			"rotation": [75, 30, 0],
			"translation": [0, 0.75, 0],
			"scale": [0.375, 0.375, 0.375]
		},
		"firstperson_righthand": {
			"rotation": [0, 35, 0],
			"scale": [0.5, 0.5, 0.5]
		},
		"firstperson_lefthand": {
			"rotation": [0, 35, 0],
			"scale": [0.5, 0.5, 0.5]
		},
		"ground": {
			"translation": [0, 3, 0],
			"scale": [0.5, 0.5, 0.5]
		},
		"gui": {
			"rotation": [30, 135, 0],
			"scale": [0.62, 0.62, 0.62]
		},
		"fixed": {
			"scale": [0.7, 0.7, 0.7]
		}
	}
}
