{
	"credit": "Mady by Ecorn",
	"parent": "minecraft:block/template_fence_gate_wall",
	"textures": {
		"0": "block/pale_oak_log",
		"1": "block/pale_oak_log_top",
		"2": "block/stripped_pale_oak_log_fence",
		"particle": "block/pale_oak_log_top"
	},
	"elements": [
		{
			"from": [3, 4, 7.5],
			"to": [10, 6, 8.5],
			"rotation": {"angle": 0, "axis": "y", "origin": [2, 0, 6.5]},
			"faces": {
				"north": {"uv": [9, 2, 16, 4], "texture": "#2"},
				"south": {"uv": [9, 2, 16, 4], "texture": "#2"},
				"up": {"uv": [10, 2, 11, 9], "rotation": 90, "texture": "#2"},
				"down": {"uv": [10, 2, 11, 9], "rotation": 270, "texture": "#2"}
			}
		},
		{
			"from": [3, 9, 7.5],
			"to": [10, 11, 8.5],
			"rotation": {"angle": 0, "axis": "y", "origin": [12, 2, 0.5]},
			"faces": {
				"north": {"uv": [5, 2, 12, 4], "texture": "#2"},
				"south": {"uv": [5, 2, 12, 4], "texture": "#2"},
				"up": {"uv": [5, 2, 6, 9], "rotation": 90, "texture": "#2"},
				"down": {"uv": [5, 2, 6, 9], "rotation": 270, "texture": "#2"}
			}
		},
		{
			"from": [6, 3.5, 7],
			"to": [8, 11.5, 9],
			"rotation": {"angle": 0, "axis": "y", "origin": [2, 0.5, 6.5]},
			"faces": {
				"north": {"uv": [2, 8, 4, 0], "texture": "#2"},
				"east": {"uv": [2, 8, 4, 0], "texture": "#2"},
				"south": {"uv": [0, 8, 2, 0], "texture": "#2"},
				"west": {"uv": [2, 8, 4, 0], "texture": "#2"},
				"up": {"uv": [6, 6, 8, 8], "rotation": 270, "texture": "#2"},
				"down": {"uv": [6, 6, 8, 8], "rotation": 90, "texture": "#2"}
			}
		},
		{
			"from": [8, 3.5, 7],
			"to": [10, 11.5, 9],
			"rotation": {"angle": 0, "axis": "y", "origin": [10, 3.5, 7]},
			"faces": {
				"north": {"uv": [0, 8, 2, 0], "texture": "#2"},
				"east": {"uv": [1, 8, 3, 0], "texture": "#2"},
				"south": {"uv": [2, 8, 4, 0], "texture": "#2"},
				"west": {"uv": [0, 8, 2, 0], "texture": "#2"},
				"up": {"uv": [6, 6, 8, 8], "texture": "#2"},
				"down": {"uv": [6, 6, 8, 8], "texture": "#2"}
			}
		},
		{
			"from": [0, 0, 6.5],
			"to": [3, 16, 9.5],
			"rotation": {"angle": 0, "axis": "y", "origin": [2, 0, 6.5]},
			"faces": {
				"north": {"uv": [6, 0, 9, 16], "texture": "#1"},
				"east": {"uv": [7, 0, 10, 16], "texture": "#1"},
				"south": {"uv": [6, 0, 9, 16], "texture": "#1"},
				"west": {"uv": [7, 0, 10, 16], "texture": "#1"},
				"up": {"uv": [6, 6, 9, 9], "rotation": 270, "texture": "#0"},
				"down": {"uv": [6, 6, 9, 9], "rotation": 90, "texture": "#0"}
			}
		},
		{
			"from": [6, 4, 7.5],
			"to": [13, 6, 8.5],
			"rotation": {"angle": 0, "axis": "y", "origin": [12, 5, 8.5]},
			"faces": {
				"north": {"uv": [9, 2, 16, 4], "texture": "#2"},
				"south": {"uv": [9, 2, 16, 4], "texture": "#2"},
				"up": {"uv": [10, 2, 11, 9], "rotation": 270, "texture": "#2"},
				"down": {"uv": [10, 2, 11, 9], "rotation": 90, "texture": "#2"}
			}
		},
		{
			"from": [6, 9, 7.5],
			"to": [13, 11, 8.5],
			"rotation": {"angle": 0, "axis": "y", "origin": [12, 5, 8.5]},
			"faces": {
				"north": {"uv": [5, 2, 12, 4], "texture": "#2"},
				"south": {"uv": [5, 2, 12, 4], "texture": "#2"},
				"up": {"uv": [5, 2, 6, 9], "rotation": 270, "texture": "#2"},
				"down": {"uv": [5, 2, 6, 9], "rotation": 90, "texture": "#2"}
			}
		},
		{
			"from": [13, 0, 6.5],
			"to": [16, 16, 9.5],
			"rotation": {"angle": 0, "axis": "y", "origin": [15, 0, 6.5]},
			"faces": {
				"north": {"uv": [6, 0, 9, 16], "texture": "#1"},
				"east": {"uv": [7, 0, 10, 16], "texture": "#1"},
				"south": {"uv": [6, 0, 9, 16], "texture": "#1"},
				"west": {"uv": [7, 0, 10, 16], "texture": "#1"},
				"up": {"uv": [6, 6, 9, 9], "rotation": 270, "texture": "#0"},
				"down": {"uv": [6, 6, 9, 9], "rotation": 90, "texture": "#0"}
			}
		}
	],
	"display": {
		"thirdperson_righthand": {
			"rotation": [75, 30, 0],
			"translation": [0, 0.75, 0],
			"scale": [0.375, 0.375, 0.375]
		},
		"thirdperson_lefthand": {
			"rotation": [75, 30, 0],
			"translation": [0, 0.75, 0],
			"scale": [0.375, 0.375, 0.375]
		},
		"firstperson_righthand": {
			"rotation": [0, -60, 0],
			"scale": [0.5, 0.5, 0.5]
		},
		"firstperson_lefthand": {
			"rotation": [0, -60, 0],
			"scale": [0.5, 0.5, 0.5]
		},
		"ground": {
			"translation": [0, 3, 0],
			"scale": [0.5, 0.5, 0.5]
		},
		"gui": {
			"rotation": [30, 225, 0],
			"translation": [0, 0.5, 0],
			"scale": [0.7, 0.7, 0.7]
		},
		"head": {
			"rotation": [0, 180, 0],
			"translation": [0, 13, 7]
		},
		"fixed": {
			"scale": [0.7, 0.7, 0.7]
		}
	}
}
