{
	"credit": "Mady by Ecorn",
	"parent": "minecraft:block/fence_post",
	"textures": {
		"3": "block/stripped_pale_oak_log_fence",
		"particle": "block/stripped_pale_oak_log_fence"
	},
	"elements": [
		{
			"from": [7, 2, 1.5],
			"to": [9, 13, 4.5],
			"rotation": {"angle": 0, "axis": "y", "origin": [1, 0, 2.5]},
			"faces": {
				"north": {"uv": [2, 0, 4, 11], "texture": "#3"},
				"east": {"uv": [0, 0, 3, 11], "texture": "#3"},
				"south": {"uv": [5, 0, 7, 11], "texture": "#3"},
				"west": {"uv": [0, 0, 3, 11], "texture": "#3"},
				"up": {"uv": [6, 6, 8, 9], "rotation": 180, "texture": "#3"},
				"down": {"uv": [6, 6, 8, 9], "rotation": 180, "texture": "#3"}
			}
		},
		{
			"from": [7, 13, 1.5],
			"to": [9, 15, 3],
			"rotation": {"angle": 45, "axis": "x", "origin": [8, 13, 1.5]},
			"faces": {
				"north": {"uv": [2, 0, 4, 2], "texture": "#3"},
				"east": {"uv": [1, 0, 2.5, 1], "texture": "#3"},
				"south": {"uv": [5, 0, 7, 2], "texture": "#3"},
				"west": {"uv": [0, 0, 1.5, 1], "texture": "#3"},
				"up": {"uv": [6, 6, 8, 7.5], "rotation": 180, "texture": "#3"},
				"down": {"uv": [6, 6, 8, 7.5], "rotation": 180, "texture": "#3"}
			}
		},
		{
			"from": [7, 13, 3],
			"to": [9, 15, 4.5],
			"rotation": {"angle": -45, "axis": "x", "origin": [8, 13, 4.5]},
			"faces": {
				"north": {"uv": [2, 0, 4, 2], "texture": "#3"},
				"east": {"uv": [0, 0, 1.5, 1], "texture": "#3"},
				"south": {"uv": [5, 0, 7, 2], "texture": "#3"},
				"west": {"uv": [0, 0, 1.5, 1], "texture": "#3"},
				"up": {"uv": [6, 6, 8, 7.5], "rotation": 180, "texture": "#3"},
				"down": {"uv": [6, 6, 8, 7.5], "rotation": 180, "texture": "#3"}
			}
		},
		{
			"from": [7.5, 4, 0],
			"to": [8.5, 6, 7],
			"rotation": {"angle": 0, "axis": "y", "origin": [0.5, 1, -2]},
			"faces": {
				"east": {"uv": [9, 2, 16, 4], "texture": "#3"},
				"west": {"uv": [9, 2, 16, 4], "texture": "#3"},
				"up": {"uv": [10, 2, 11, 9], "texture": "#3"},
				"down": {"uv": [10, 2, 11, 9], "texture": "#3"}
			}
		},
		{
			"from": [7.5, 9, 0],
			"to": [8.5, 11, 7],
			"rotation": {"angle": 0, "axis": "y", "origin": [0.5, 2, -2]},
			"faces": {
				"east": {"uv": [5, 2, 12, 4], "texture": "#3"},
				"west": {"uv": [5, 2, 12, 4], "texture": "#3"},
				"up": {"uv": [5, 2, 6, 9], "texture": "#3"},
				"down": {"uv": [5, 2, 6, 9], "texture": "#3"}
			}
		}
	],
	"display": {
		"thirdperson_righthand": {
			"rotation": [75, 30, 0],
			"translation": [0, 0.75, 0],
			"scale": [0.375, 0.375, 0.375]
		},
		"thirdperson_lefthand": {
			"rotation": [75, 30, 0],
			"translation": [0, 0.75, 0],
			"scale": [0.375, 0.375, 0.375]
		},
		"firstperson_righthand": {
			"rotation": [0, 35, 0],
			"scale": [0.5, 0.5, 0.5]
		},
		"firstperson_lefthand": {
			"rotation": [0, 35, 0],
			"scale": [0.5, 0.5, 0.5]
		},
		"ground": {
			"translation": [0, 3, 0],
			"scale": [0.5, 0.5, 0.5]
		},
		"gui": {
			"rotation": [30, 135, 0],
			"scale": [0.62, 0.62, 0.62]
		},
		"fixed": {
			"scale": [0.7, 0.7, 0.7]
		}
	}
}
