{
	"credit": "Made with Blockbench",
	"parent": "block/block",
	"textures": {
		"0": "block/torch/torch_soul_fire",
		"1": "block/soul_sand",
		"2": "block/glass",
		"3": "block/torch/soul_lantern",
		"particle": "block/soul_lantern"
	},
	"elements": [
		{
			"from": [6, 9, 6],
			"to": [10, 10, 10],
			"shade": false,
			"rotation": {"angle": 0, "axis": "y", "origin": [0, 1, 0]},
			"faces": {
				"north": {"uv": [1, 0, 5, 1], "texture": "#3"},
				"east": {"uv": [1, 0, 5, 1], "texture": "#3"},
				"south": {"uv": [1, 0, 5, 1], "texture": "#3"},
				"west": {"uv": [1, 0, 5, 1], "texture": "#3"},
				"up": {"uv": [1, 10, 5, 14], "texture": "#3"},
				"down": {"uv": [1, 10, 5, 14], "texture": "#3"}
			}
		},
		{
			"from": [8, 10, 6.5],
			"to": [8, 16, 9.5],
			"shade": false,
			"rotation": {"angle": 45, "axis": "y", "origin": [8, 9, 8]},
			"faces": {
				"north": {"uv": [0, 0, 0, 7], "texture": "#3"},
				"east": {"uv": [9, 6, 6, 12], "rotation": 180, "texture": "#3"},
				"south": {"uv": [0, 0, 0, 7], "texture": "#3"},
				"west": {"uv": [6, 6, 9, 12], "texture": "#3"},
				"up": {"uv": [0, 0, 3, 0], "rotation": 90, "texture": "#3"},
				"down": {"uv": [0, 0, 3, 0], "rotation": 270, "texture": "#3"}
			}
		},
		{
			"from": [6.5, 11, 8],
			"to": [9.5, 15, 8],
			"shade": false,
			"rotation": {"angle": 45, "axis": "y", "origin": [8, 9, 8]},
			"faces": {
				"north": {"uv": [9, 1, 6, 5], "rotation": 180, "texture": "#3"},
				"east": {"uv": [0, 0, 0, 0], "texture": "#3"},
				"south": {"uv": [6, 1, 9, 5], "rotation": 180, "texture": "#3"},
				"west": {"uv": [0, 7, 0, 7], "texture": "#3"},
				"up": {"uv": [0, 0, 0, 0], "rotation": 90, "texture": "#3"},
				"down": {"uv": [0, 0, 0, 0], "rotation": 270, "texture": "#3"}
			}
		},
		{
			"from": [7, 8, 7],
			"to": [9, 9, 9],
			"shade": false,
			"light_emission": 10,
			"rotation": {"angle": 0, "axis": "y", "origin": [0, 1, 0]},
			"faces": {
				"north": {"uv": [2, 1, 4, 2], "texture": "#3"},
				"east": {"uv": [2, 1, 4, 2], "texture": "#3"},
				"south": {"uv": [2, 1, 4, 2], "texture": "#3"},
				"west": {"uv": [2, 1, 4, 2], "texture": "#3"},
				"up": {"uv": [2, 1, 4, 2], "texture": "#3"},
				"down": {"uv": [2, 1, 4, 2], "texture": "#3"}
			}
		},
		{
			"from": [7, 8, 7],
			"to": [9, 7, 9],
			"shade": false,
			"light_emission": 10,
			"rotation": {"angle": 0, "axis": "y", "origin": [0, 1, 0]},
			"faces": {
				"north": {"uv": [2, 1, 4, 2], "texture": "#3"},
				"east": {"uv": [2, 1, 4, 2], "texture": "#3"},
				"south": {"uv": [2, 1, 4, 2], "texture": "#3"},
				"west": {"uv": [2, 1, 4, 2], "texture": "#3"}
			}
		},
		{
			"name": "glass",
			"from": [6, 2, 6],
			"to": [10, 7, 10],
			"shade": false,
			"light_emission": 10,
			"rotation": {"angle": 0, "axis": "y", "origin": [0, 1, 0]},
			"faces": {
				"north": {"uv": [2, 3, 6, 8], "texture": "#2"},
				"east": {"uv": [2, 3, 6, 8], "texture": "#2"},
				"south": {"uv": [2, 3, 6, 8], "texture": "#2"},
				"west": {"uv": [2, 3, 6, 8], "texture": "#2"}
			}
		},
		{
			"from": [6, 8, 6],
			"to": [7, 9, 7],
			"shade": false,
			"rotation": {"angle": 0, "axis": "y", "origin": [0, 1, 0]},
			"faces": {
				"north": {"uv": [1, 2, 2, 3], "texture": "#3"},
				"east": {"uv": [1, 1, 2, 2], "texture": "#3"},
				"south": {"uv": [1, 1, 2, 2], "texture": "#3"},
				"west": {"uv": [1, 2, 2, 3], "texture": "#3"},
				"up": {"uv": [1, 2, 2, 3], "texture": "#3"},
				"down": {"uv": [1, 2, 2, 3], "texture": "#3"}
			}
		},
		{
			"from": [9, 8, 6],
			"to": [10, 9, 7],
			"shade": false,
			"rotation": {"angle": 0, "axis": "y", "origin": [0, 1, 0]},
			"faces": {
				"north": {"uv": [4, 2, 5, 3], "texture": "#3"},
				"east": {"uv": [4, 2, 5, 3], "texture": "#3"},
				"south": {"uv": [4, 1, 5, 2], "texture": "#3"},
				"west": {"uv": [4, 1, 5, 2], "texture": "#3"},
				"up": {"uv": [4, 2, 5, 3], "texture": "#3"},
				"down": {"uv": [4, 2, 5, 3], "texture": "#3"}
			}
		},
		{
			"from": [6, 8, 9],
			"to": [7, 9, 10],
			"shade": false,
			"rotation": {"angle": 0, "axis": "y", "origin": [0, 1, 0]},
			"faces": {
				"north": {"uv": [4, 1, 5, 2], "texture": "#3"},
				"east": {"uv": [1, 1, 2, 2], "texture": "#3"},
				"south": {"uv": [1, 2, 2, 3], "texture": "#3"},
				"west": {"uv": [1, 2, 2, 3], "texture": "#3"},
				"up": {"uv": [1, 2, 2, 3], "texture": "#3"},
				"down": {"uv": [1, 2, 2, 3], "texture": "#3"}
			}
		},
		{
			"from": [9, 8, 9],
			"to": [10, 9, 10],
			"shade": false,
			"rotation": {"angle": 0, "axis": "y", "origin": [0, 1, 0]},
			"faces": {
				"north": {"uv": [1, 1, 2, 2], "texture": "#3"},
				"east": {"uv": [1, 2, 2, 3], "texture": "#3"},
				"south": {"uv": [1, 2, 2, 3], "texture": "#3"},
				"west": {"uv": [1, 1, 2, 2], "texture": "#3"},
				"up": {"uv": [1, 2, 2, 3], "texture": "#3"},
				"down": {"uv": [1, 2, 2, 3], "texture": "#3"}
			}
		},
		{
			"from": [5, 1, 5],
			"to": [11, 8, 11],
			"shade": false,
			"light_emission": 6,
			"rotation": {"angle": 0, "axis": "y", "origin": [0, 1, 0]},
			"faces": {
				"north": {"uv": [0, 2, 6, 9], "texture": "#3"},
				"east": {"uv": [0, 2, 6, 9], "texture": "#3"},
				"south": {"uv": [0, 2, 6, 9], "texture": "#3"},
				"west": {"uv": [0, 2, 6, 9], "texture": "#3"},
				"up": {"uv": [0, 9, 6, 15], "texture": "#3"},
				"down": {"uv": [0, 9, 6, 15], "texture": "#3"}
			}
		},
		{
			"from": [5, 7, 5],
			"to": [11, 2, 11],
			"shade": false,
			"light_emission": 10,
			"rotation": {"angle": 0, "axis": "y", "origin": [0, 19, 0]},
			"faces": {
				"up": {"uv": [10, 9, 16, 15], "texture": "#3"},
				"down": {"uv": [10, 2, 16, 8], "texture": "#3"}
			}
		},
		{
			"name": "sides",
			"from": [5, 2, 5],
			"to": [6, 7, 6],
			"shade": false,
			"light_emission": 10,
			"rotation": {"angle": 0, "axis": "y", "origin": [0, 1, 0]},
			"faces": {
				"east": {"uv": [9, 10, 10, 15], "texture": "#3"},
				"south": {"uv": [9, 10, 10, 15], "texture": "#3"}
			}
		},
		{
			"name": "sides",
			"from": [5, 2, 10],
			"to": [6, 7, 11],
			"shade": false,
			"light_emission": 10,
			"rotation": {"angle": 0, "axis": "y", "origin": [0, 1, 0]},
			"faces": {
				"north": {"uv": [9, 10, 10, 15], "texture": "#3"},
				"east": {"uv": [9, 10, 10, 15], "texture": "#3"}
			}
		},
		{
			"name": "sides",
			"from": [10, 2, 5],
			"to": [11, 7, 6],
			"shade": false,
			"light_emission": 10,
			"rotation": {"angle": 0, "axis": "y", "origin": [16, 1, 0]},
			"faces": {
				"south": {"uv": [10, 10, 9, 15], "texture": "#3"},
				"west": {"uv": [10, 10, 9, 15], "texture": "#3"}
			}
		},
		{
			"name": "sides",
			"from": [10, 2, 10],
			"to": [11, 7, 11],
			"shade": false,
			"light_emission": 10,
			"rotation": {"angle": 0, "axis": "y", "origin": [16, 1, 0]},
			"faces": {
				"north": {"uv": [10, 10, 9, 15], "texture": "#3"},
				"west": {"uv": [10, 10, 9, 15], "texture": "#3"}
			}
		},
		{
			"name": "flame",
			"from": [8, 1.45, 4],
			"to": [8, 9.45, 12],
			"shade": false,
			"light_emission": 15,
			"rotation": {"angle": 45, "axis": "y", "origin": [8, 5.45, 8]},
			"faces": {
				"north": {"uv": [0, 0, 16, 16], "texture": "#0"},
				"east": {"uv": [0, 0, 16, 16], "texture": "#0"},
				"south": {"uv": [0, 0, 16, 16], "texture": "#0"},
				"west": {"uv": [0, 0, 16, 16], "texture": "#0"},
				"up": {"uv": [0, 0, 0, 1], "rotation": 90, "texture": "#0"},
				"down": {"uv": [0, 0, 0, 1], "rotation": 270, "texture": "#0"}
			}
		},
		{
			"name": "flame",
			"from": [4, 1.45, 8],
			"to": [12, 9.45, 8],
			"shade": false,
			"light_emission": 15,
			"rotation": {"angle": 45, "axis": "y", "origin": [8, 5.45, 8]},
			"faces": {
				"north": {"uv": [0, 0, 16, 16], "texture": "#0"},
				"east": {"uv": [0, 0, 16, 16], "texture": "#0"},
				"south": {"uv": [0, 0, 16, 16], "texture": "#0"},
				"west": {"uv": [0, 0, 16, 16], "texture": "#0"},
				"up": {"uv": [0, 0, 0, 1], "texture": "#0"},
				"down": {"uv": [0, 0, 0, 1], "texture": "#0"}
			}
		},
		{
			"from": [6.01, 1.4, 6.01],
			"to": [9.99, 2.4, 9.99],
			"shade": false,
			"rotation": {"angle": 0, "axis": "y", "origin": [0, 1, 0]},
			"faces": {
				"north": {"uv": [0, 0, 4, 1], "texture": "#1"},
				"east": {"uv": [0, 0, 4, 1], "texture": "#1"},
				"south": {"uv": [0, 0, 4, 1], "texture": "#1"},
				"west": {"uv": [0, 0, 4, 1], "texture": "#1"},
				"up": {"uv": [0, 0, 4, 4], "texture": "#1"},
				"down": {"uv": [0, 0, 4, 4], "texture": "#1"}
			}
		}
	],
	"display": {
		"thirdperson_righthand": {
			"rotation": [69, 0, 0],
			"translation": [0, -1, -2]
		},
		"firstperson_righthand": {
			"rotation": [0, 45, 0],
			"translation": [2.25, 2.25, 0]
		},
		"firstperson_lefthand": {
			"rotation": [4, 7, 0],
			"translation": [2.5, 13.5, 2]
		},
		"gui": {
			"rotation": [30, -135, 0],
			"translation": [0, 2.5, 0]
		}
	},
	"groups": [
		{
			"name": "group",
			"origin": [16, 0, 0],
			"color": 0,
			"children": [0, 1, 2, 3, 4, 5, 6, 7, 8, 9, 10, 11, 12, 13, 14, 15]
		},
		{
			"name": "group",
			"origin": [8.06258, 5, 8.09784],
			"color": 0,
			"children": [16, 17, 18]
		}
	]
}