{
	"credit": "Made with Blockbench",
	"ambientocclusion": false,
	"textures": {
		"1": "block/torch/torch",
		"3": "block/torch/lick",
		"5": "block/torch/torch_flame",
		"particle": "block/torch"
	},
	"elements": [
		{
			"name": "flame1",
			"from": [-2.13382, 6.8, 5.87368],
			"to": [19.86618, 28.8, 5.87368],
			"shade": false,
			"light_emission": 15,
			"rotation": {"angle": -45, "axis": "y", "origin": [5.86618, 16.5, 5.87368]},
			"faces": {
				"north": {"uv": [0, 0, 16, 16], "texture": "#5"},
				"east": {"uv": [0, 0, 0, 16], "texture": "#5"},
				"south": {"uv": [0, 0, 16, 16], "texture": "#5"},
				"west": {"uv": [0, 0, 0, 16], "texture": "#5"},
				"up": {"uv": [0, 0, 16, 0], "texture": "#5"},
				"down": {"uv": [0, 0, 16, 0], "texture": "#5"}
			}
		},
		{
			"name": "flame2",
			"from": [10.10882, 6.8, -2.12632],
			"to": [10.10882, 28.8, 19.87368],
			"shade": false,
			"light_emission": 15,
			"rotation": {"angle": -45, "axis": "y", "origin": [10.10882, 16.5, 5.87368]},
			"faces": {
				"north": {"uv": [0, 0, 0, 16], "texture": "#5"},
				"east": {"uv": [0, 0, 16, 16], "texture": "#5"},
				"south": {"uv": [0, 0, 0, 16], "texture": "#5"},
				"west": {"uv": [0, 0, 16, 16], "texture": "#5"},
				"up": {"uv": [0, 0, 16, 0], "rotation": 90, "texture": "#5"},
				"down": {"uv": [0, 0, 16, 0], "rotation": 270, "texture": "#5"}
			}
		},
		{
			"name": "cloth",
			"from": [6.9875, 6.5, 6.995],
			"to": [8.9875, 10.5, 8.995],
			"shade": false,
			"light_emission": 6,
			"rotation": {"angle": 0, "axis": "y", "origin": [8.0125, 8.05, 8.02]},
			"faces": {
				"north": {"uv": [8, 0, 10, 4], "texture": "#1"},
				"east": {"uv": [14, 0, 16, 4], "texture": "#1"},
				"south": {"uv": [12, 0, 14, 4], "texture": "#1"},
				"west": {"uv": [10, 0, 12, 4], "texture": "#1"},
				"up": {"uv": [0, 14, 2, 16], "texture": "#1"},
				"down": {"uv": [14, 14, 16, 16], "texture": "#1"}
			}
		},
		{
			"name": "handle",
			"from": [7.2625, 0, 7.27],
			"to": [8.7625, 10, 8.77],
			"rotation": {"angle": 0, "axis": "y", "origin": [7.9875, 8.05, 7.995]},
			"faces": {
				"north": {"uv": [0, 1, 2, 11], "texture": "#1"},
				"east": {"uv": [2, 1, 4, 11], "texture": "#1"},
				"south": {"uv": [6, 1, 8, 11], "texture": "#1"},
				"west": {"uv": [4, 1, 6, 11], "texture": "#1"},
				"up": {"uv": [2, 14, 4, 16], "texture": "#1"},
				"down": {"uv": [4, 14, 6, 16], "texture": "#1"}
			}
		},
		{
			"name": "lick",
			"from": [6.9575, 8.53, 6.965],
			"to": [9.0175, 10.53, 9.025],
			"shade": false,
			"light_emission": 15,
			"rotation": {"angle": 0, "axis": "y", "origin": [7.9875, 9.52, 7.995]},
			"faces": {
				"north": {"uv": [5, 4, 7, 6], "rotation": 180, "texture": "#5"},
				"east": {"uv": [6, 3, 8, 5], "rotation": 180, "texture": "#5"},
				"south": {"uv": [5, 4, 7, 6], "rotation": 180, "texture": "#5"},
				"west": {"uv": [6, 3, 8, 5], "rotation": 180, "texture": "#5"},
				"up": {"uv": [6, 12, 8, 14], "texture": "#5"},
				"down": {"uv": [0, 0, 0, 0], "texture": "#5"}
			}
		},
		{
			"name": "lick2",
			"from": [6.9775, 9.53, 6.955],
			"to": [9.0275, 10.53, 9.005],
			"shade": false,
			"light_emission": 12,
			"rotation": {"angle": 0, "axis": "y", "origin": [7.9875, 9.52, 7.995]},
			"faces": {
				"north": {"uv": [6, 8, 8, 9], "rotation": 180, "texture": "#5"},
				"east": {"uv": [7, 7, 9, 8], "rotation": 180, "texture": "#5"},
				"south": {"uv": [6, 8, 8, 9], "rotation": 180, "texture": "#5"},
				"west": {"uv": [7, 7, 9, 8], "rotation": 180, "texture": "#5"},
				"up": {"uv": [1, 15, 3, 16], "texture": "#5"},
				"down": {"uv": [1, 4, 1, 4], "texture": "#5"}
			}
		},
		{
			"name": "underlick",
			"from": [6.9675, 8.47, 6.975],
			"to": [9.0075, 10.47, 9.015],
			"shade": false,
			"light_emission": 6,
			"rotation": {"angle": 0, "axis": "y", "origin": [7.9975, 9.52, 8.005]},
			"faces": {
				"north": {"uv": [5, 4, 7, 6], "rotation": 180, "texture": "#3"},
				"east": {"uv": [6, 3, 8, 5], "rotation": 180, "texture": "#3"},
				"south": {"uv": [5, 4, 7, 6], "rotation": 180, "texture": "#3"},
				"west": {"uv": [6, 3, 8, 5], "rotation": 180, "texture": "#3"},
				"up": {"uv": [0, 14, 2, 16], "texture": "#3"},
				"down": {"uv": [0, 0, 0, 0], "texture": "#3"}
			}
		}
	]
}