{"format_version":"1.21.6","credit":"By Ewan Howell","textures":{"3":"entity/projectiles/arrow","crossbow":"item/better_bows/crossbow","particle":"item/better_bows/crossbow_base","base":"item/better_bows/crossbow_base","string":"item/better_bows/crossbow_strings"},"elements":[{"from":[0,3,7.5],"to":[1,4,8.5],"rotation":{"angle":45,"axis":"z","origin":[8,8,8.1]},"faces":{"north":{"uv":[0,13,1,12],"rotation":180,"texture":"#crossbow"},"south":{"uv":[0,12,1,13],"texture":"#crossbow"},"west":{"uv":[0,12,1,13],"texture":"#crossbow"},"up":{"uv":[1,12,0,13],"rotation":180,"texture":"#crossbow"},"down":{"uv":[0,12,1,13],"texture":"#crossbow"}}},{"from":[12,15,7.5],"to":[13,16,8.5],"rotation":{"angle":45,"axis":"z","origin":[8,8,8.1]},"faces":{"north":{"uv":[12,1,13,0],"rotation":180,"texture":"#crossbow"},"east":{"uv":[12,0,13,1],"texture":"#crossbow"},"south":{"uv":[12,0,13,1],"texture":"#crossbow"},"west":{"uv":[12,0,13,1],"texture":"#crossbow"},"up":{"uv":[13,0,12,1],"rotation":180,"texture":"#crossbow"}}},{"from":[8,13,7.5],"to":[14,15,8.5],"rotation":{"angle":45,"axis":"z","origin":[8,8,8.1]},"faces":{"north":{"uv":[8,3,14,1],"rotation":180,"texture":"#crossbow"},"east":{"uv":[13,1,14,3],"texture":"#crossbow"},"south":{"uv":[8,1,14,3],"texture":"#crossbow"},"west":{"uv":[8,1,9,3],"texture":"#crossbow"},"up":{"uv":[14,1,8,2],"rotation":180,"texture":"#crossbow"},"down":{"uv":[8,2,14,3],"texture":"#crossbow"}}},{"from":[6,12,7.5],"to":[10,14,8.5],"rotation":{"angle":45,"axis":"z","origin":[8,8,8.1]},"faces":{"north":{"uv":[6,4,10,2],"rotation":180,"texture":"#crossbow"},"east":{"uv":[9,2,10,4],"texture":"#crossbow"},"south":{"uv":[6,2,10,4],"texture":"#crossbow"},"west":{"uv":[6,2,7,4],"texture":"#crossbow"},"up":{"uv":[10,2,6,3],"rotation":180,"texture":"#crossbow"},"down":{"uv":[6,3,10,4],"texture":"#crossbow"}}},{"from":[3,9,7.5],"to":[5,11,8.5],"rotation":{"angle":45,"axis":"z","origin":[8,8,8.1]},"faces":{"east":{"uv":[4,5,5,7],"texture":"#crossbow"},"south":{"uv":[3,5,5,7],"texture":"#crossbow"},"west":{"uv":[3,5,4,7],"texture":"#crossbow"},"up":{"uv":[5,5,3,6],"rotation":180,"texture":"#crossbow"},"down":{"uv":[3,6,5,7],"texture":"#crossbow"}}},{"from":[4,10,7.5],"to":[6,12,8.5],"rotation":{"angle":45,"axis":"z","origin":[8,8,8.1]},"faces":{"north":{"uv":[4,6,6,4],"rotation":180,"texture":"#crossbow"},"east":{"uv":[5,4,6,6],"texture":"#crossbow"},"south":{"uv":[4,4,6,6],"texture":"#crossbow"},"west":{"uv":[4,4,5,6],"texture":"#crossbow"},"up":{"uv":[6,4,4,5],"rotation":180,"texture":"#crossbow"},"down":{"uv":[4,5,6,6],"texture":"#crossbow"}}},{"from":[5,11,7.5],"to":[7,13,8.5],"rotation":{"angle":45,"axis":"z","origin":[8,8,8.1]},"faces":{"east":{"uv":[6,3,7,5],"texture":"#crossbow"},"south":{"uv":[5,3,7,5],"texture":"#crossbow"},"west":{"uv":[5,3,6,5],"texture":"#crossbow"},"up":{"uv":[7,3,5,4],"rotation":180,"texture":"#crossbow"},"down":{"uv":[5,4,7,5],"texture":"#crossbow"}}},{"from":[2,6,7.5],"to":[4,10,8.5],"rotation":{"angle":45,"axis":"z","origin":[8,8,8.1]},"faces":{"north":{"uv":[2,10,4,6],"rotation":180,"texture":"#crossbow"},"east":{"uv":[3,6,4,10],"texture":"#crossbow"},"south":{"uv":[2,6,4,10],"texture":"#crossbow"},"west":{"uv":[2,6,3,10],"texture":"#crossbow"},"up":{"uv":[4,6,2,7],"rotation":180,"texture":"#crossbow"},"down":{"uv":[2,9,4,10],"texture":"#crossbow"}}},{"from":[1,2,7.5],"to":[3,8,8.5],"rotation":{"angle":45,"axis":"z","origin":[8,8,8.1]},"faces":{"north":{"uv":[1,14,3,8],"rotation":180,"texture":"#crossbow"},"east":{"uv":[2,8,3,14],"texture":"#crossbow"},"south":{"uv":[1,8,3,14],"texture":"#crossbow"},"west":{"uv":[1,8,2,14],"texture":"#crossbow"},"up":{"uv":[3,8,1,9],"rotation":180,"texture":"#crossbow"},"down":{"uv":[1,13,3,14],"texture":"#crossbow"}}},{"from":[15,1,6.5],"to":[16,3,7.5],"rotation":{"angle":45,"axis":"z","origin":[8,8,8.1]},"faces":{"north":{"uv":[15,15,16,13],"rotation":180,"texture":"#base"},"east":{"uv":[15,13,16,15],"texture":"#base"},"south":{"uv":[15,13,16,15],"texture":"#base"},"up":{"uv":[16,13,15,14],"rotation":180,"texture":"#base"},"down":{"uv":[15,14,16,15],"texture":"#base"}}},{"from":[3,13,6.5],"to":[5,14,7.5],"rotation":{"angle":45,"axis":"z","origin":[8,8,8.1]},"faces":{"north":{"uv":[3,3,5,2],"rotation":180,"texture":"#base"},"east":{"uv":[4,2,5,3],"texture":"#base"},"south":{"uv":[3,2,5,3],"texture":"#base"},"west":{"uv":[3,2,4,3],"texture":"#base"},"up":{"uv":[5,2,3,3],"rotation":180,"texture":"#base"},"down":{"uv":[3,2,5,3],"texture":"#base"}}},{"from":[2,11,6.5],"to":[3,13,7.5],"rotation":{"angle":45,"axis":"z","origin":[8,8,8.1]},"faces":{"north":{"uv":[2,5,3,3],"rotation":180,"texture":"#base"},"east":{"uv":[2,3,3,5],"texture":"#base"},"south":{"uv":[2,3,3,5],"texture":"#base"},"west":{"uv":[2,3,3,5],"texture":"#base"},"up":{"uv":[3,3,2,4],"rotation":180,"texture":"#base"},"down":{"uv":[2,4,3,5],"texture":"#base"}}},{"from":[5,7,6.5],"to":[7,13,7.5],"rotation":{"angle":45,"axis":"z","origin":[8,8,8.1]},"faces":{"north":{"uv":[5,9,7,3],"rotation":180,"texture":"#base"},"east":{"uv":[6,3,7,9],"texture":"#base"},"south":{"uv":[5,3,7,9],"texture":"#base"},"west":{"uv":[5,3,6,9],"texture":"#base"},"up":{"uv":[7,3,5,4],"rotation":180,"texture":"#base"},"down":{"uv":[5,8,7,9],"texture":"#base"}}},{"from":[7,5,6.5],"to":[8,12,7.5],"rotation":{"angle":45,"axis":"z","origin":[8,8,8.1]},"faces":{"north":{"uv":[7,11,8,4],"rotation":180,"texture":"#base"},"east":{"uv":[7,4,8,11],"texture":"#base"},"south":{"uv":[7,4,8,11],"texture":"#base"},"west":{"uv":[7,4,8,11],"texture":"#base"},"up":{"uv":[8,4,7,5],"rotation":180,"texture":"#base"},"down":{"uv":[7,10,8,11],"texture":"#base"}}},{"from":[3,9,6.5],"to":[5,11,7.5],"rotation":{"angle":45,"axis":"z","origin":[8,8,8.1]},"faces":{"north":{"uv":[3,7,5,5],"rotation":180,"texture":"#base"},"south":{"uv":[3,5,5,7],"texture":"#base"},"west":{"uv":[3,5,4,7],"texture":"#base"},"up":{"uv":[5,5,3,6],"rotation":180,"texture":"#base"},"down":{"uv":[3,6,5,7],"texture":"#base"}}},{"from":[8,4,6.5],"to":[9,11,7.5],"rotation":{"angle":45,"axis":"z","origin":[8,8,8.1]},"faces":{"north":{"uv":[8,12,9,5],"rotation":180,"texture":"#base"},"east":{"uv":[8,5,9,12],"texture":"#base"},"south":{"uv":[8,5,9,12],"texture":"#base"},"west":{"uv":[8,5,9,12],"texture":"#base"},"up":{"uv":[9,5,8,6],"rotation":180,"texture":"#base"},"down":{"uv":[8,11,9,12],"texture":"#base"}}},{"from":[9,3,6.5],"to":[10,10,7.5],"rotation":{"angle":45,"axis":"z","origin":[8,8,8.1]},"faces":{"north":{"uv":[9,13,10,6],"rotation":180,"texture":"#base"},"east":{"uv":[9,6,10,13],"texture":"#base"},"south":{"uv":[9,6,10,13],"texture":"#base"},"west":{"uv":[9,6,10,13],"texture":"#base"},"up":{"uv":[10,6,9,7],"rotation":180,"texture":"#base"},"down":{"uv":[9,12,10,13],"texture":"#base"}}},{"from":[4,8,6.5],"to":[5,9,7.5],"rotation":{"angle":45,"axis":"z","origin":[8,8,8.1]},"faces":{"north":{"uv":[4,8,5,7],"rotation":180,"texture":"#base"},"south":{"uv":[4,7,5,8],"texture":"#base"},"west":{"uv":[4,7,5,8],"texture":"#base"},"down":{"uv":[4,7,5,8],"texture":"#base"}}},{"from":[10,3,6.5],"to":[11,9,7.5],"rotation":{"angle":45,"axis":"z","origin":[8,8,8.1]},"faces":{"north":{"uv":[10,13,11,7],"rotation":180,"texture":"#base"},"east":{"uv":[10,7,11,13],"texture":"#base"},"south":{"uv":[10,7,11,13],"texture":"#base"},"up":{"uv":[11,7,10,8],"rotation":180,"texture":"#base"},"down":{"uv":[10,12,11,13],"texture":"#base"}}},{"from":[11,2,6.5],"to":[12,8,7.5],"rotation":{"angle":45,"axis":"z","origin":[8,8,8.1]},"faces":{"north":{"uv":[11,14,12,8],"rotation":180,"texture":"#base"},"east":{"uv":[11,8,12,14],"texture":"#base"},"south":{"uv":[11,8,12,14],"texture":"#base"},"west":{"uv":[11,8,12,14],"texture":"#base"},"up":{"uv":[12,8,11,9],"rotation":180,"texture":"#base"},"down":{"uv":[11,13,12,14],"texture":"#base"}}},{"from":[6,6,6.5],"to":[7,7,7.5],"rotation":{"angle":45,"axis":"z","origin":[8,8,8.1]},"faces":{"north":{"uv":[6,10,7,9],"rotation":180,"texture":"#base"},"east":{"uv":[6,9,7,10],"texture":"#base"},"south":{"uv":[6,9,7,10],"texture":"#base"},"west":{"uv":[6,9,7,10],"texture":"#base"},"up":{"uv":[7,9,6,10],"rotation":180,"texture":"#base"},"down":{"uv":[6,9,7,10],"texture":"#base"}}},{"from":[12,1,6.5],"to":[13,7,7.5],"rotation":{"angle":45,"axis":"z","origin":[8,8,8.1]},"faces":{"north":{"uv":[12,15,13,9],"rotation":180,"texture":"#base"},"east":{"uv":[12,9,13,15],"texture":"#base"},"south":{"uv":[12,9,13,15],"texture":"#base"},"west":{"uv":[12,9,13,15],"texture":"#base"},"up":{"uv":[13,9,12,10],"rotation":180,"texture":"#base"},"down":{"uv":[12,14,13,15],"texture":"#base"}}},{"from":[13,0,6.5],"to":[14,5,7.5],"rotation":{"angle":45,"axis":"z","origin":[8,8,8.1]},"faces":{"north":{"uv":[13,16,14,11],"rotation":180,"texture":"#base"},"east":{"uv":[13,11,14,16],"texture":"#base"},"south":{"uv":[13,11,14,16],"texture":"#base"},"west":{"uv":[13,11,14,16],"texture":"#base"},"up":{"uv":[14,11,13,12],"rotation":180,"texture":"#base"},"down":{"uv":[13,15,14,16],"texture":"#base"}}},{"from":[14,0,6.5],"to":[15,4,7.5],"rotation":{"angle":45,"axis":"z","origin":[8,8,8.1]},"faces":{"north":{"uv":[14,16,15,12],"rotation":180,"texture":"#base"},"east":{"uv":[14,12,15,16],"texture":"#base"},"south":{"uv":[14,12,15,16],"texture":"#base"},"up":{"uv":[15,12,14,13],"rotation":180,"texture":"#base"},"down":{"uv":[14,15,15,16],"texture":"#base"}}},{"from":[3,3,8],"to":[13,13,8.01],"rotation":{"angle":45,"axis":"z","origin":[8,8,8.1]},"faces":{"north":{"uv":[14.5,9.5,9.5,14.5],"texture":"#string"},"south":{"uv":[9.5,9.5,14.5,14.5],"texture":"#string"}}},{"from":[-2.24264,5.5,8.5],"to":[13.75736,10.5,8.51],"rotation":{"angle":45,"axis":"x","origin":[8,8,8.6]},"faces":{"north":{"uv":[0,0,8,2.5],"texture":"#3"},"south":{"uv":[8,0,0,2.5],"texture":"#3"}}},{"from":[-2.24264,8,6],"to":[13.75736,8.01,11],"rotation":{"angle":45,"axis":"x","origin":[8,8,8.6]},"faces":{"up":{"uv":[8,2.5,0,0],"texture":"#3"},"down":{"uv":[0,0,8,2.5],"rotation":180,"texture":"#3"}}},{"from":[12.75736,5.5,6],"to":[12.76736,10.5,11],"rotation":{"angle":45,"axis":"x","origin":[8,8,8.6]},"faces":{"east":{"uv":[2.5,2.5,0,5],"texture":"#3"},"west":{"uv":[0,2.5,2.5,5],"texture":"#3"}}}],"gui_light":"front","display":{"thirdperson_righthand":{"rotation":[-90,0,-105],"translation":[2,0.1,-3],"scale":[0.9,0.9,0.9]},"thirdperson_lefthand":{"rotation":[-90,0,75],"translation":[2,0.1,-3],"scale":[0.9,0.9,0.9]},"firstperson_righthand":{"rotation":[-90,0,-100],"translation":[1.13,3.2,1.13],"scale":[0.68,0.68,0.68]},"firstperson_lefthand":{"rotation":[-90,0,80],"translation":[1.13,3.2,1.13],"scale":[0.68,0.68,0.68]},"ground":{"rotation":[0,0,-45],"translation":[0,2,0],"scale":[0.5,0.5,0.5]},"gui":{"rotation":[0,0,-45]},"head":{"rotation":[0,-180,-45],"translation":[0,14.5,6]},"fixed":{"rotation":[0,-180,-45],"translation":[0,0,-1]}}}